report_id,date_time,person_role,person_injury_lvl,person_veh_type,veh_type,veh_make,veh_model,police_beat,address_no_primary,address_pd_primary,address_road_primary,address_sfx_primary,address_pd_intersecting,address_name_intersecting,address_sfx_intersecting,violation_section,violation_type,charge_desc,injured,killed,hit_run_lvl,year,month,day_of_week,hour,possible_freeway,injury_known,serious_or_fatal,fatal,severity_group,longitude,latitude,coordinate_method,has_beat_coordinates,participant_records,known_injury_records,serious_fatal_records,fatal_records
172471,2017-03-27 17:45:00,PARKED VEHICLE OCCUPANT,,,,HONDA,ACCORD,315,1600,,CAM DEL RIO,,,,,22107,VC,TURNING MOVEMENTS AND REQUIRED SIGNALS,0,0,MISDEMEANOR,2017,3,Monday,17,False,False,False,False,Unknown,-117.14213316310999,32.773422052363586,Police-beat representative point; not exact collision location,True,1,0,0,0
172546,2017-03-27 07:00:00,PARKED VEHICLE OCCUPANT,,,,SUBARU,WRX/STI,123,1400,,QUIVIRA,ROAD,,,,22107,VC,TURNING MOVEMENTS AND REQUIRED SIGNALS,0,0,MISDEMEANOR,2017,3,Monday,7,False,False,False,False,Unknown,-117.22767002450135,32.777830070383246,Police-beat representative point; not exact collision location,True,1,0,0,0
172640,2017-04-03 16:35:00,DRIVER,,,,TOYOTA,CAMRY,444,3500,,MARKET,STREET,,,,22350,VC,"VIOLATION OF BASIC SPEED LAW, SPEED UNSAFE FOR CONDITIONS",0,0,MISDEMEANOR,2017,4,Monday,16,False,False,False,False,Unknown,-116.85268610311729,33.12355440646557,Police-beat representative point; not exact collision location,True,1,0,0,0
172820,2017-04-08 14:53:00,DRIVER,,,,FORD,FOCUS,114,4400,,CLAIREMONT MESA,BOULEVARD,,,,21703,VC,FOLLOWING TOO CLOSELY,3,0,,2017,4,Saturday,14,False,False,False,False,Unknown,-117.20426920911271,32.829658103655376,Police-beat representative point; not exact collision location,True,3,0,0,0
172984,2017-04-14 02:10:00,PEDESTRIAN,PAIN,,,,,522,500,,04TH,AVENUE,,,,21453A,VC,"RED OR STOP,VEHICLES STOP AT LIMIT LINE",1,0,MISDEMEANOR,2017,4,Friday,2,False,True,False,False,Other known injury,-116.89993698061527,32.92186076942686,Police-beat representative point; not exact collision location,True,1,1,0,0
173198,2017-04-21 10:45:00,DRIVER,,,,LEXUS,IS350,233,10300,,CARMEL MTN,ROAD,,,,21453A,VC,"RED OR STOP,VEHICLES STOP AT LIMIT LINE",1,0,,2017,4,Friday,10,False,False,False,False,Unknown,-117.12299174891572,32.96218052996461,Police-beat representative point; not exact collision location,True,2,1,0,0
173773,2017-05-07 17:09:00,DRIVER,,,,VOLKSWAGEN,JETTA,833,4400,,UNIVERSITY,AVENUE,,,,MISC-HAZ,VC,MISCELLANEOUS HAZARDOUS VIOLATIONS OF THE VEHICLE CODE,0,0,,2017,5,Sunday,17,False,False,False,False,Unknown,-116.74717314242025,32.92600127248982,Police-beat representative point; not exact collision location,True,2,0,0,0
173956,2017-05-19 16:56:00,PEDESTRIAN,PAIN,,,,,437,6600,,DORIANA,STREET,,,,22100A,VC,RIGHT TURNS AT INTERSECTIONS,1,0,,2017,5,Friday,16,False,True,False,False,Other known injury,-116.76383218676057,33.034426253998184,Police-beat representative point; not exact collision location,True,2,1,0,0
175113,2017-06-26 00:01:00,,,,,,,312,11000,,CAM PLAYA CARMEL,,,,,MISC-HAZ,VC,MISCELLANEOUS HAZARDOUS VIOLATIONS OF THE VEHICLE CODE,0,0,MISDEMEANOR,2017,6,Monday,0,False,False,False,False,Unknown,-117.08256786059422,32.83444136883477,Police-beat representative point; not exact collision location,True,1,0,0,0
176120,2017-08-04 15:10:00,PEDESTRIAN,VISIBLE,,,,,627,1000,,UNIVERSITY,AVENUE,,,,21453A,VC,"RED OR STOP,VEHICLES STOP AT LIMIT LINE",1,0,MISDEMEANOR,2017,8,Friday,15,False,True,False,False,Other known injury,-116.81568469167085,32.7006865484599,Police-beat representative point; not exact collision location,True,4,1,0,0
176515,2017-08-12 16:05:00,PARKED VEHICLE OCCUPANT,,,,TOYOTA,RAV4,122,4100,,MISSION,BOULEVARD,,,,22107,VC,TURNING MOVEMENTS AND REQUIRED SIGNALS,0,0,MISDEMEANOR,2017,8,Saturday,16,False,False,False,False,Unknown,-117.23577882171637,32.80138866666046,Police-beat representative point; not exact collision location,True,1,0,0,0
176823,2017-08-22 17:15:00,PARKED VEHICLE OCCUPANT,,,,TOYOTA,RAV4,324,8800,,NAVAJO,ROAD,,,,MISC-HAZ,VC,MISCELLANEOUS HAZARDOUS VIOLATIONS OF THE VEHICLE CODE,0,0,MISDEMEANOR,2017,8,Tuesday,17,False,False,False,False,Unknown,-117.03047373719554,32.818671851023076,Police-beat representative point; not exact collision location,True,1,0,0,0
176987,2017-09-07 05:30:00,DRIVER,,,,CHEVROLET,BLAZER,126,10300,,SCIENCE CENTER,DRIVE,,,,22107,VC,TURNING MOVEMENTS AND REQUIRED SIGNALS,0,0,,2017,9,Thursday,5,False,False,False,False,Unknown,-117.24032813563096,32.892381430965,Police-beat representative point; not exact collision location,True,1,0,0,0
176994,2017-09-08 00:51:00,DRIVER,,,,B.M.W.,M-6,116,0,,BALBOA,AVENUE,,MORENA,BOULEVARD,22107,VC,TURNING MOVEMENTS AND REQUIRED SIGNALS,0,0,,2017,9,Friday,0,False,False,False,False,Unknown,-117.19770197666779,32.7908774997026,Police-beat representative point; not exact collision location,True,1,0,0,0
179123,2017-11-17 15:51:00,DRIVER,VISIBLE,,,JAGUAR,S TYPE,628,2500,,KETTNER,BOULEVARD,,,,22350,VC,"VIOLATION OF BASIC SPEED LAW, SPEED UNSAFE FOR CONDITIONS",1,0,,2017,11,Friday,15,False,True,False,False,Other known injury,-117.00586281519546,32.72528832037109,Police-beat representative point; not exact collision location,True,1,1,0,0
179691,2017-12-09 17:28:00,OTHER,,,TRAILER,MYCO INDS.,,241,11000,,RED CEDAR,DRIVE,,,,22350,VC,"VIOLATION OF BASIC SPEED LAW, SPEED UNSAFE FOR CONDITIONS",1,0,,2017,12,Saturday,17,False,False,False,False,Unknown,-117.0564648801472,32.88634531749301,Police-beat representative point; not exact collision location,True,2,1,0,0
179692,2017-12-02 20:09:00,DRIVER,,,,CHEVROLET,C/K 1500,235,20300,,SAN PASQUAL,ROAD,,,,22350,VC,"VIOLATION OF BASIC SPEED LAW, SPEED UNSAFE FOR CONDITIONS",0,0,,2017,12,Saturday,20,False,False,False,False,Unknown,-116.99513841518677,33.082709341795365,Police-beat representative point; not exact collision location,True,1,0,0,0
179836,2017-12-09 17:30:00,PARKED VEHICLE OCCUPANT,,,,INFINITI,G35,316,9400,,FRIARS,ROAD,,,,22106,VC,STARTING PARKED VEHICLES OR BACKING,0,0,MISDEMEANOR,2017,12,Saturday,17,False,False,False,False,Unknown,-117.11924623673008,32.78292199901396,Police-beat representative point; not exact collision location,True,1,0,0,0
179874,2017-11-28 18:27:00,DRIVER,,,,GENERAL MOTORS CORP,,712,1800,,DEL SUR,BOULEVARD,,,,22350,VC,"VIOLATION OF BASIC SPEED LAW, SPEED UNSAFE FOR CONDITIONS",0,0,MISDEMEANOR,2017,11,Tuesday,18,False,False,False,False,Unknown,-117.04801204711242,32.555674316681994,Police-beat representative point; not exact collision location,True,1,0,0,0
180236,2017-12-29 20:40:00,DRIVER,,,AUTOMOBILE,KIA,,627,400,,UNIVERSITY,AVENUE,,,,21801A,VC,LEFT TURN YIELD UNTIL SAFE OR U-TURN,0,0,MISDEMEANOR,2017,12,Friday,20,False,False,False,False,Unknown,-116.81568469167085,32.7006865484599,Police-beat representative point; not exact collision location,True,1,0,0,0
180237,2017-12-08 13:00:00,DRIVER,,,AUTOMOBILE,TOYOTA,PRIUS,612,2300,,ROSECRANS,STREET,,,,22350,VC,"VIOLATION OF BASIC SPEED LAW, SPEED UNSAFE FOR CONDITIONS",0,0,MISDEMEANOR,2017,12,Friday,13,False,False,False,False,Unknown,-116.96843105192859,32.772107860227166,Police-beat representative point; not exact collision location,True,1,0,0,0
180238,2017-12-30 18:22:00,DRIVER,,,AUTOMOBILE,VOLKSWAGEN,JETTA,242,8800,,MIRA MESA,BOULEVARD,,,,22109,VC,SIGNAL WHEN STOPPING,0,0,MISDEMEANOR,2017,12,Saturday,18,False,False,False,False,Unknown,-117.1426172010863,32.91947899976272,Police-beat representative point; not exact collision location,True,1,0,0,0
180239,2017-12-31 10:00:00,PARKED VEHICLE OCCUPANT,,,AUTOMOBILE,AUDI,Q5,243,9500,,MIRAMAR,ROAD,,,,22106,VC,STARTING PARKED VEHICLES OR BACKING,0,0,MISDEMEANOR,2017,12,Sunday,10,False,False,False,False,Unknown,-117.15308981578755,32.870391979565866,Police-beat representative point; not exact collision location,True,1,0,0,0
180240,2017-12-28 12:21:00,DRIVER,,,AUTOMOBILE,HONDA,CR-V,232,11200,,RANCHO CARMEL,DRIVE,,,,22106,VC,STARTING PARKED VEHICLES OR BACKING,0,0,MISDEMEANOR,2017,12,Thursday,12,False,False,False,False,Unknown,-117.07570836367637,32.98105952053426,Police-beat representative point; not exact collision location,True,2,0,0,0
180241,2017-12-21 16:30:00,PARKED VEHICLE OCCUPANT,,,LIGHT DUTY TRUCK,TOYOTA,TACOMA,811,3500,,MONROE,AVENUE,,,,22350,VC,"VIOLATION OF BASIC SPEED LAW, SPEED UNSAFE FOR CONDITIONS",0,0,MISDEMEANOR,2017,12,Thursday,16,False,False,False,False,Unknown,-116.89331559684965,33.28874302390258,Police-beat representative point; not exact collision location,True,1,0,0,0
180242,2017-12-18 00:18:00,DRIVER,,,AUTOMOBILE,SATURN,ION,724,2600,,CORONADO,AVENUE,,,,22107,VC,TURNING MOVEMENTS AND REQUIRED SIGNALS,0,0,MISDEMEANOR,2017,12,Monday,0,False,False,False,False,Unknown,-116.91503007193131,32.658852893134195,Police-beat representative point; not exact collision location,True,1,0,0,0
180243,2017-12-26 16:55:00,DRIVER,,,AUTOMOBILE,FORD,CROWN VICTORIA,811,3400,,MEADE,AVENUE,,,,21802A,VC,"ENTRANCE FROM STOP THROUGH HIGHWAY,YIELD UNTIL REASONABLY SAFE",0,0,MISDEMEANOR,2017,12,Tuesday,16,False,False,False,False,Unknown,-116.89331559684965,33.28874302390258,Police-beat representative point; not exact collision location,True,1,0,0,0
180244,2017-12-31 13:20:00,DRIVER,,,LIGHT DUTY TRUCK,CHEVROLET,S10,811,4600,,39TH,STREET,,,,21650,VC,FAILURE TO DRIVE ON RIGHT SIDE OF ROADWAY,0,0,,2017,12,Sunday,13,False,False,False,False,Unknown,-116.89331559684965,33.28874302390258,Police-beat representative point; not exact collision location,True,2,0,0,0
180245,2017-12-31 13:03:00,,,,,,,832,4000,,MARLBOROUGH,AVENUE,,,,22107,VC,TURNING MOVEMENTS AND REQUIRED SIGNALS,0,0,MISDEMEANOR,2017,12,Sunday,13,False,False,False,False,Unknown,-116.6052377489849,33.07539925544093,Police-beat representative point; not exact collision location,True,1,0,0,0
180246,2017-12-29 14:11:00,DRIVER,,,AUTOMOBILE,TOYOTA,CAMRY,326,5000,,MONTEZUMA,ROAD,,,,MISC-HAZ,VC,MISCELLANEOUS HAZARDOUS VIOLATIONS OF THE VEHICLE CODE,0,0,MISDEMEANOR,2017,12,Friday,14,False,False,False,False,Unknown,-117.158853043931,33.21520407905139,Police-beat representative point; not exact collision location,True,1,0,0,0
180247,2017-12-29 17:50:00,DRIVER,,,AUTOMOBILE,TRIUMPH,DAYTONA,821,6200,,EL CAJON,BOULEVARD,,,,21453A,VC,"RED OR STOP,VEHICLES STOP AT LIMIT LINE",0,0,MISDEMEANOR,2017,12,Friday,17,False,False,False,False,Unknown,-116.82746789804872,33.26397631835824,Police-beat representative point; not exact collision location,True,1,0,0,0
180248,2017-12-27 00:01:00,,,,,,,935,0,,TIERRA VISTA,CIRCLE,,,,22107,VC,TURNING MOVEMENTS AND REQUIRED SIGNALS,0,0,MISDEMEANOR,2017,12,Wednesday,0,False,False,False,False,Unknown,-117.21436342450443,32.97265838878731,Police-beat representative point; not exact collision location,True,1,0,0,0
180249,2017-12-31 22:21:00,PARKED VEHICLE OCCUPANT,,,AUTOMOBILE,TOYOTA,AVALON,512,3000,,MARTIN,AVENUE,,,,22107,VC,TURNING MOVEMENTS AND REQUIRED SIGNALS,0,0,MISDEMEANOR,2017,12,Sunday,22,False,False,False,False,Unknown,-117.13052814317592,32.699800986596294,Police-beat representative point; not exact collision location,True,3,0,0,0
180250,2017-12-29 05:04:00,PARKED VEHICLE OCCUPANT,,,AUTOMOBILE,FORD,,326,5400,,55TH,STREET,,,,22107,VC,TURNING MOVEMENTS AND REQUIRED SIGNALS,0,0,MISDEMEANOR,2017,12,Friday,5,False,False,False,False,Unknown,-117.158853043931,33.21520407905139,Police-beat representative point; not exact collision location,True,3,0,0,0
180251,2017-12-29 23:50:00,PARKED VEHICLE OCCUPANT,,,LIGHT DUTY TRUCK,TOYOTA,TACOMA,321,10400,,SAN DIEGO MISSION,ROAD,,,,22106,VC,STARTING PARKED VEHICLES OR BACKING,0,0,MISDEMEANOR,2017,12,Friday,23,False,False,False,False,Unknown,-117.09979247672425,32.7956980896065,Police-beat representative point; not exact collision location,True,1,0,0,0
180252,2017-12-31 02:00:00,PARKED VEHICLE OCCUPANT,,,LIGHT DUTY TRUCK,DODGE,RAM CHARGER,111,4800,,DOLIVA,DRIVE,,,,22107,VC,TURNING MOVEMENTS AND REQUIRED SIGNALS,0,0,MISDEMEANOR,2017,12,Sunday,2,False,False,False,False,Unknown,-117.1705278025942,32.81770454015894,Police-beat representative point; not exact collision location,True,1,0,0,0
180253,2017-12-22 15:00:00,,,,,,,511,2600,,NATIONAL,AVENUE,,,,MISC-HAZ,VC,MISCELLANEOUS HAZARDOUS VIOLATIONS OF THE VEHICLE CODE,0,0,MISDEMEANOR,2017,12,Friday,15,False,False,False,False,Unknown,-117.13284733903458,32.6923534985372,Police-beat representative point; not exact collision location,True,1,0,0,0
180254,2017-12-27 23:47:00,BICYCLIST,VISIBLE,,BICYCLE,,,123,2000,,WEST MISSION BAY,DRIVE,,,,22107,VC,TURNING MOVEMENTS AND REQUIRED SIGNALS,1,0,MISDEMEANOR,2017,12,Wednesday,23,False,True,False,False,Other known injury,-117.22767002450135,32.777830070383246,Police-beat representative point; not exact collision location,True,1,1,0,0
180255,2017-12-07 08:14:00,DRIVER,VISIBLE,,AUTOMOBILE,TOYOTA,HIGHLANDER,524,0,,04TH,AVENUE,,B,STREET,21453A,VC,"RED OR STOP,VEHICLES STOP AT LIMIT LINE",2,0,,2017,12,Thursday,8,False,True,False,False,Other known injury,-116.85701579124563,32.89382936706996,Police-beat representative point; not exact collision location,True,2,2,0,0
180256,2017-12-31 15:31:00,DRIVER,PAIN,,,HYUNDAI,,621,3000,,GENESEE,AVENUE,,,,21703,VC,FOLLOWING TOO CLOSELY,2,0,,2017,12,Sunday,15,False,True,False,False,Other known injury,-117.17350386676355,32.78474350011991,Police-beat representative point; not exact collision location,True,2,2,0,0
180257,2017-12-29 17:03:00,DRIVER,,,AUTOMOBILE,HONDA,CIVIC (AND CRX),242,7800,,FLANDERS,DRIVE,,,,21801A,VC,LEFT TURN YIELD UNTIL SAFE OR U-TURN,1,0,,2017,12,Friday,17,False,False,False,False,Unknown,-117.1426172010863,32.91947899976272,Police-beat representative point; not exact collision location,True,2,1,0,0
180258,2017-12-29 09:30:00,DRIVER,,,AUTOMOBILE,TOYOTA,MATRIX (SPORT WAGON),241,9900,,MIRA MESA,BOULEVARD,,,,21950A,VC,YIELD RIGHT OF WAY TO PEDESTRIANS,1,0,,2017,12,Friday,9,False,False,False,False,Unknown,-117.0564648801472,32.88634531749301,Police-beat representative point; not exact collision location,True,2,1,0,0
180259,2017-12-31 08:47:00,DRIVER,,,AUTOMOBILE,FORD,EXPLORER,234,18200,,POMERADO,ROAD,,,,21453A,VC,"RED OR STOP,VEHICLES STOP AT LIMIT LINE",2,0,,2017,12,Sunday,8,False,False,False,False,Unknown,-117.07040835691859,33.033630033425176,Police-beat representative point; not exact collision location,True,2,1,0,0
180260,2017-12-31 14:16:00,PEDESTRIAN,PAIN,,,,,242,10800,,WESTVIEW,PARKWAY,,,,21950A,VC,YIELD RIGHT OF WAY TO PEDESTRIANS,1,0,,2017,12,Sunday,14,False,True,False,False,Other known injury,-117.1426172010863,32.91947899976272,Police-beat representative point; not exact collision location,True,1,1,0,0
180261,2017-12-22 11:41:00,DRIVER,PAIN,,AUTOMOBILE,FORD,MUSTANG,521,1700,,G,STREET,,,,21802A,VC,"ENTRANCE FROM STOP THROUGH HIGHWAY,YIELD UNTIL REASONABLY SAFE",3,0,,2017,12,Friday,11,False,True,False,False,Other known injury,-116.95068831877407,32.90328552933019,Police-beat representative point; not exact collision location,True,2,2,0,0
180263,2017-12-30 15:21:00,DRIVER,,,AUTOMOBILE,JEEP,GRAND CHEROKEE,813,3800,,30TH,STREET,,,,21453A,VC,"RED OR STOP,VEHICLES STOP AT LIMIT LINE",1,0,,2017,12,Saturday,15,False,False,False,False,Unknown,-117.00146499740242,33.256640818090105,Police-beat representative point; not exact collision location,True,3,1,0,0
180264,2017-12-28 10:18:00,DRIVER,,,AUTOMOBILE,CHRYSLER,TOWN & COUNTRY,822,5400,,EL CAJON,BOULEVARD,,,,21453A,VC,"RED OR STOP,VEHICLES STOP AT LIMIT LINE",1,0,,2017,12,Thursday,10,False,False,False,False,Unknown,-116.64556173889338,33.31983921529675,Police-beat representative point; not exact collision location,True,2,1,0,0
180265,2017-11-19 19:19:00,DRIVER,PAIN,,,KYMCO,,813,2500,,ADAMS,AVENUE,,,,MISC-HAZ,VC,MISCELLANEOUS HAZARDOUS VIOLATIONS OF THE VEHICLE CODE,1,0,,2017,11,Sunday,19,False,True,False,False,Other known injury,-117.00146499740242,33.256640818090105,Police-beat representative point; not exact collision location,True,1,1,0,0
180266,2017-12-16 17:18:00,DRIVER,,,AUTOMOBILE,HYUNDAI,ELANTRA,721,1800,,ELM,AVENUE,,,,22450(A),VC,STOP REQUIREMENTS STATE STOP LINE,2,0,,2017,12,Saturday,17,False,False,False,False,Unknown,-117.09825832771111,32.58281392644402,Police-beat representative point; not exact collision location,True,2,1,0,0
180267,2017-12-29 09:06:00,DRIVER,,,AUTOMOBILE,FORD,FOCUS,529,0,,04TH,AVENUE,,SPRUCE,STREET,21950A,VC,YIELD RIGHT OF WAY TO PEDESTRIANS,1,0,,2017,12,Friday,9,False,False,False,False,Unknown,-116.93920835327967,32.84017041201663,Police-beat representative point; not exact collision location,True,2,1,0,0
180268,2017-12-29 22:58:00,DRIVER,,,AUTOMOBILE,MITSUBISHI,MONTERO,432,400,,54TH,STREET,,,,22350,VC,"VIOLATION OF BASIC SPEED LAW, SPEED UNSAFE FOR CONDITIONS",0,0,,2017,12,Friday,22,False,False,False,False,Unknown,-116.7893009897486,33.07521573004986,Police-beat representative point; not exact collision location,True,1,0,0,0
180269,2017-12-21 10:19:00,DRIVER,VISIBLE,,MOTORCYCLE,KAWASAKI,,712,0,,VIA DE LA MELODIA,,,VIA DEL BARDO,,21803A,VC,"YIELD SIGNS,YIELD UNTIL REASONABLY SAFE",1,0,,2017,12,Thursday,10,False,True,False,False,Other known injury,-117.04801204711242,32.555674316681994,Police-beat representative point; not exact collision location,True,2,1,0,0
180270,2017-12-30 21:39:00,DRIVER,PAIN,,AUTOMOBILE,DODGE,JOURNEY,122,4600,,INGRAHAM,STREET,,,,22107,VC,TURNING MOVEMENTS AND REQUIRED SIGNALS,2,0,,2017,12,Saturday,21,False,True,False,False,Other known injury,-117.23577882171637,32.80138866666046,Police-beat representative point; not exact collision location,True,2,2,0,0
180271,2017-12-27 12:48:00,DRIVER,,,,FORD,F550,436,6900,,IMPERIAL,AVENUE,,,,21658A,VC,LANED ROADWAYS - STRADDLING OR UNSAFE CHANGING,0,0,,2017,12,Wednesday,12,False,False,False,False,Unknown,-116.83634997698923,33.03875431313823,Police-beat representative point; not exact collision location,True,2,0,0,0
180272,2017-12-31 09:31:00,DRIVER,,,AUTOMOBILE,TOYOTA,SIENNA,311,3400,,KEARNY VILLA,ROAD,,,,21800A,VC,"UNCONTROLLED INTERSECTION,YIELD TO FIRST VEHICLE WITHIN",1,0,,2017,12,Sunday,9,False,False,False,False,Unknown,-117.13085133944696,32.792844777392105,Police-beat representative point; not exact collision location,True,2,1,0,0
180273,2017-12-30 10:20:00,DRIVER,PAIN,,AUTOMOBILE,HONDA,ACCORD,313,8000,,BALBOA,AVENUE,,,,21703,VC,FOLLOWING TOO CLOSELY,1,0,,2017,12,Saturday,10,False,True,False,False,Other known injury,-117.14278671565819,32.83054722226561,Police-beat representative point; not exact collision location,True,2,1,0,0
180274,2017-12-29 10:45:00,DRIVER,PAIN,,AUTOMOBILE,TOYOTA,COROLLA,327,5900,,ALVARADO,ROAD,,,,21802A,VC,"ENTRANCE FROM STOP THROUGH HIGHWAY,YIELD UNTIL REASONABLY SAFE",1,0,,2017,12,Friday,10,False,True,False,False,Other known injury,-117.0584304876291,32.77187444242221,Police-beat representative point; not exact collision location,True,2,1,0,0
180275,2017-12-30 08:22:00,DRIVER,,,AUTOMOBILE,DODGE,CHARGER,326,5400,,COLLEGE,AVENUE,,,,21453A,VC,"RED OR STOP,VEHICLES STOP AT LIMIT LINE",1,0,,2017,12,Saturday,8,False,False,False,False,Unknown,-117.158853043931,33.21520407905139,Police-beat representative point; not exact collision location,True,2,1,0,0
180276,2017-12-29 13:13:00,DRIVER,,,AUTOMOBILE,HONDA,ACCORD,124,5600,,LA JOLLA,BOULEVARD,,,,22107,VC,TURNING MOVEMENTS AND REQUIRED SIGNALS,1,0,,2017,12,Friday,13,False,False,False,False,Unknown,-117.25836882736988,32.83885413538784,Police-beat representative point; not exact collision location,True,2,1,0,0
180277,2017-12-27 15:05:00,DRIVER,PAIN,,AUTOMOBILE,CHRYSLER,300 SERIES,122,1200,,TURQUOISE,STREET,,,,22350,VC,"VIOLATION OF BASIC SPEED LAW, SPEED UNSAFE FOR CONDITIONS",1,0,,2017,12,Wednesday,15,False,True,False,False,Other known injury,-117.23577882171637,32.80138866666046,Police-beat representative point; not exact collision location,True,2,1,0,0
180278,2017-12-29 14:29:00,DRIVER,,,AUTOMOBILE,VOLKSWAGEN,BUG,531,3300,,BALBOA,DRIVE,,,,22107,VC,TURNING MOVEMENTS AND REQUIRED SIGNALS,1,0,,2017,12,Friday,14,False,False,False,False,Unknown,-116.90016213002147,32.84321580839031,Police-beat representative point; not exact collision location,True,2,1,0,0
180279,2017-12-22 14:34:00,DRIVER,,,LIGHT DUTY TRUCK,DODGE,RAM CHARGER,524,1200,,08TH,AVENUE,,,,22100A,VC,RIGHT TURNS AT INTERSECTIONS,0,0,,2017,12,Friday,14,False,False,False,False,Unknown,-116.85701579124563,32.89382936706996,Police-beat representative point; not exact collision location,True,1,0,0,0
180280,2017-12-29 12:18:00,DRIVER,,,AUTOMOBILE,TOYOTA,MATRIX (SPORT WAGON),113,0,,GARNET,AVENUE,,SANTA FE,STREET,22107,VC,TURNING MOVEMENTS AND REQUIRED SIGNALS,0,0,,2017,12,Friday,12,False,False,False,False,Unknown,-117.21864400105085,32.82444992896318,Police-beat representative point; not exact collision location,True,2,0,0,0
180281,2017-12-30 08:05:00,DRIVER,,,LIGHT DUTY TRUCK,,,825,4000,,MADISON,AVENUE,,,,22515A,VC,LEAVE VEHICLE UNATTENDED,0,0,,2017,12,Saturday,8,False,False,False,False,Unknown,-116.75174244288297,33.084010908673356,Police-beat representative point; not exact collision location,True,1,0,0,0
180283,2017-11-19 00:45:00,DRIVER,,,AUTOMOBILE,CHEVROLET,AVEO,514,2200,,IMPERIAL,AVENUE,,,,23152A,VC,DUI ALCOHOL,0,0,,2017,11,Sunday,0,False,False,False,False,Unknown,-116.97648996726558,32.842704320208426,Police-beat representative point; not exact collision location,True,2,0,0,0
180284,2017-12-01 14:15:00,DRIVER,,,AUTOMOBILE,TOYOTA,COROLLA,313,0,,OPPORTUNITY,ROAD,,CARDIN,STREET,21750,VC,OVERTAKE AND PASS TO LEFT,0,0,,2017,12,Friday,14,False,False,False,False,Unknown,-117.14278671565819,32.83054722226561,Police-beat representative point; not exact collision location,True,2,0,0,0
180285,2017-12-10 03:58:00,PARKED VEHICLE OCCUPANT,,,LIGHT DUTY TRUCK,TOYOTA,TACOMA,722,1400,,ORO VISTA,ROAD,,,,23152A,VC,DUI ALCOHOL,0,0,,2017,12,Sunday,3,False,False,False,False,Unknown,-117.00913888789105,32.66711452591835,Police-beat representative point; not exact collision location,True,2,0,0,0
180286,2017-12-31 20:21:00,PARKED VEHICLE OCCUPANT,,,AUTOMOBILE,FORD,,627,4000,,FRONT,STREET,,,,22107,VC,TURNING MOVEMENTS AND REQUIRED SIGNALS,0,0,,2017,12,Sunday,20,False,False,False,False,Unknown,-116.81568469167085,32.7006865484599,Police-beat representative point; not exact collision location,True,3,0,0,0
180287,2017-12-30 16:43:00,PARKED VEHICLE OCCUPANT,,,AUTOMOBILE,NISSAN,SENTRA,627,3700,,CENTRE,STREET,,,,22106,VC,STARTING PARKED VEHICLES OR BACKING,0,0,,2017,12,Saturday,16,False,False,False,False,Unknown,-116.81568469167085,32.7006865484599,Police-beat representative point; not exact collision location,True,3,0,0,0
180288,2017-12-09 14:34:00,DRIVER,VISIBLE,,AUTOMOBILE,MERCEDES-BENZ,300 SERIES,242,10800,,WESTONHILL,DRIVE,,,,22103,VC,U-TURN IN RESIDENCE DISTRICT,2,0,,2017,12,Saturday,14,False,True,False,False,Other known injury,-117.1426172010863,32.91947899976272,Police-beat representative point; not exact collision location,True,2,2,0,0
180290,2017-12-11 20:30:00,DRIVER,,,AUTOMOBILE,TOYOTA,,315,5100,,MISSION CENTER,ROAD,,,,MISC-HAZ,VC,MISCELLANEOUS HAZARDOUS VIOLATIONS OF THE VEHICLE CODE,0,0,MISDEMEANOR,2017,12,Monday,20,False,False,False,False,Unknown,-117.14213316310999,32.773422052363586,Police-beat representative point; not exact collision location,True,1,0,0,0
180291,2017-12-28 12:45:00,,,,,,,531,2800,,PERSHING,DRIVE,,,,21750,VC,OVERTAKE AND PASS TO LEFT,0,0,MISDEMEANOR,2017,12,Thursday,12,False,False,False,False,Unknown,-116.90016213002147,32.84321580839031,Police-beat representative point; not exact collision location,True,1,0,0,0
180292,2017-12-31 02:10:00,PARKED VEHICLE OCCUPANT,,,AUTOMOBILE,GENERAL MOTORS CORP,TERRAIN,821,6200,,LORCA,DRIVE,,,,22107,VC,TURNING MOVEMENTS AND REQUIRED SIGNALS,0,0,MISDEMEANOR,2017,12,Sunday,2,False,False,False,False,Unknown,-116.82746789804872,33.26397631835824,Police-beat representative point; not exact collision location,True,1,0,0,0
180293,2017-12-30 15:00:00,PARKED VEHICLE OCCUPANT,,,AUTOMOBILE,FORD,FOCUS,511,1900,,MAIN,STREET,,,,MISC-HAZ,VC,MISCELLANEOUS HAZARDOUS VIOLATIONS OF THE VEHICLE CODE,0,0,MISDEMEANOR,2017,12,Saturday,15,False,False,False,False,Unknown,-117.13284733903458,32.6923534985372,Police-beat representative point; not exact collision location,True,1,0,0,0
180294,2017-12-23 21:00:00,PARKED VEHICLE OCCUPANT,,,AUTOMOBILE,CHEVROLET,CRUZE,839,3800,,35TH,STREET,,,,MISC-HAZ,VC,MISCELLANEOUS HAZARDOUS VIOLATIONS OF THE VEHICLE CODE,0,0,MISDEMEANOR,2017,12,Saturday,21,False,False,False,False,Unknown,-117.11462286707754,32.743506326674634,Police-beat representative point; not exact collision location,True,1,0,0,0
180296,2017-12-28 14:30:00,PARKED VEHICLE OCCUPANT,,,AUTOMOBILE,TOYOTA,CAMRY,831,4200,,CHAMOUNE,AVENUE,,,,MISC-HAZ,VC,MISCELLANEOUS HAZARDOUS VIOLATIONS OF THE VEHICLE CODE,0,0,MISDEMEANOR,2017,12,Thursday,14,False,False,False,False,Unknown,-116.70240144470779,33.09266461258565,Police-beat representative point; not exact collision location,True,1,0,0,0
180298,2017-12-28 13:50:00,PARKED VEHICLE OCCUPANT,,,AUTOMOBILE,NISSAN,370Z,838,4000,,CHEROKEE,AVENUE,,,,22107,VC,TURNING MOVEMENTS AND REQUIRED SIGNALS,0,0,MISDEMEANOR,2017,12,Thursday,13,False,False,False,False,Unknown,-117.11659179402932,32.75206244852271,Police-beat representative point; not exact collision location,True,1,0,0,0
180301,2017-12-26 22:19:00,DRIVER,,,AUTOMOBILE,NISSAN,VERSA,529,400,,REDWOOD,STREET,,,,21804,VC,ENTERING HWY FROM PRIVATE ROAD OR DRIVEWAY,0,0,MISDEMEANOR,2017,12,Tuesday,22,False,False,False,False,Unknown,-116.93920835327967,32.84017041201663,Police-beat representative point; not exact collision location,True,1,0,0,0
180303,2017-12-28 16:05:00,DRIVER,PAIN,,AUTOMOBILE,MAZDA,6,234,11800,,RANCHO BERNARDO,ROAD,,,,22108,VC,DURATION OF SIGNAL,1,0,MISDEMEANOR,2017,12,Thursday,16,False,True,False,False,Other known injury,-117.07040835691859,33.033630033425176,Police-beat representative point; not exact collision location,True,1,1,0,0
180304,2017-12-15 20:22:00,PEDESTRIAN,SEVERE,,,,,441,0,,OCEAN VIEW,BOULEVARD,,MILBRAE,STREET,21950A,VC,YIELD RIGHT OF WAY TO PEDESTRIANS,180,0,,2017,12,Friday,20,False,True,True,False,Serious/severe,-117.10769763142628,32.69889849972856,Police-beat representative point; not exact collision location,True,1,1,1,0
180306,2017-12-31 18:13:00,DRIVER,VISIBLE,,AUTOMOBILE,HONDA,CIVIC (AND CRX),312,0,,SANTO,ROAD,,SHIELDS,STREET,21453A,VC,"RED OR STOP,VEHICLES STOP AT LIMIT LINE",3,0,,2017,12,Sunday,18,False,True,False,False,Other known injury,-117.08256786059422,32.83444136883477,Police-beat representative point; not exact collision location,True,2,1,0,0
180308,2017-12-30 06:37:00,DRIVER,,,AUTOMOBILE,FORD,WINDSTAR,611,3500,,SPORTS ARENA,BOULEVARD,,,,21658A,VC,LANED ROADWAYS - STRADDLING OR UNSAFE CHANGING,0,0,,2017,12,Saturday,6,False,False,False,False,Unknown,-117.20029111792292,32.74087129851641,Police-beat representative point; not exact collision location,True,1,0,0,0
180313,2017-12-21 18:54:00,DRIVER,PAIN,,LIGHT DUTY TRUCK,NISSAN,FRONTIER,512,0,,30TH,STREET,,IMPERIAL,AVENUE,21453A,VC,"RED OR STOP,VEHICLES STOP AT LIMIT LINE",2,0,,2017,12,Thursday,18,False,True,False,False,Other known injury,-117.13052814317592,32.699800986596294,Police-beat representative point; not exact collision location,True,3,1,0,0
180314,2017-12-13 17:03:00,PEDESTRIAN,SEVERE,,,,,531,0,,06TH,AVENUE,,UPAS,STREET,21954A,VC,PEDESTRIANS OUTSIDE CROSSWALKS,1,0,,2017,12,Wednesday,17,False,True,True,False,Serious/severe,-116.90016213002147,32.84321580839031,Police-beat representative point; not exact collision location,True,2,1,1,0
180315,2017-12-29 14:00:00,PARKED VEHICLE OCCUPANT,,,LIGHT DUTY TRUCK,NISSAN,FRONTIER,311,9300,,SUCCESS,AVENUE,,,,22100A,VC,RIGHT TURNS AT INTERSECTIONS,0,0,MISDEMEANOR,2017,12,Friday,14,False,False,False,False,Unknown,-117.13085133944696,32.792844777392105,Police-beat representative point; not exact collision location,True,1,0,0,0
180316,2017-12-07 00:01:00,,,,,,,321,5800,,MISSION GORGE,ROAD,,,,MISC-HAZ,VC,MISCELLANEOUS HAZARDOUS VIOLATIONS OF THE VEHICLE CODE,0,0,MISDEMEANOR,2017,12,Thursday,0,False,False,False,False,Unknown,-117.09979247672425,32.7956980896065,Police-beat representative point; not exact collision location,True,1,0,0,0
180320,2017-12-23 17:00:00,PARKED VEHICLE OCCUPANT,,,AUTOMOBILE,TOYOTA,COROLLA,233,13600,,PASEO CARDIEL,,,,,MISC-HAZ,VC,MISCELLANEOUS HAZARDOUS VIOLATIONS OF THE VEHICLE CODE,0,0,MISDEMEANOR,2017,12,Saturday,17,False,False,False,False,Unknown,-117.12299174891572,32.96218052996461,Police-beat representative point; not exact collision location,True,1,0,0,0
180321,2017-12-28 05:40:00,DRIVER,,,LIGHT DUTY TRUCK,FORD,F150,524,800,,B,STREET,,,,21453A,VC,"RED OR STOP,VEHICLES STOP AT LIMIT LINE",0,0,MISDEMEANOR,2017,12,Thursday,5,False,False,False,False,Unknown,-116.85701579124563,32.89382936706996,Police-beat representative point; not exact collision location,True,1,0,0,0
180322,2017-12-28 10:35:00,PARKED VEHICLE OCCUPANT,,,AUTOMOBILE,HYUNDAI,ELANTRA,613,2200,,WORDEN,STREET,,,,22107,VC,TURNING MOVEMENTS AND REQUIRED SIGNALS,0,0,MISDEMEANOR,2017,12,Thursday,10,False,False,False,False,Unknown,-116.94185098320088,32.77374071883966,Police-beat representative point; not exact collision location,True,1,0,0,0
180323,2017-12-27 20:49:00,DRIVER,,,AUTOMOBILE,INFINITI,G35,433,6300,,AKINS,AVENUE,,,,22350,VC,"VIOLATION OF BASIC SPEED LAW, SPEED UNSAFE FOR CONDITIONS",2,0,MISDEMEANOR,2017,12,Wednesday,20,False,False,False,False,Unknown,-116.97490241410009,33.01885171507661,Police-beat representative point; not exact collision location,True,2,1,0,0
180324,2017-12-29 18:30:00,,,,,,,446,200,,47TH,STREET,,,,22107,VC,TURNING MOVEMENTS AND REQUIRED SIGNALS,1,0,MISDEMEANOR,2017,12,Friday,18,False,False,False,False,Unknown,-117.08992016000654,32.69913772804682,Police-beat representative point; not exact collision location,True,1,0,0,0
180325,2017-12-26 20:30:00,PARKED VEHICLE OCCUPANT,,,AUTOMOBILE,TOYOTA,SEQUOIA,437,6900,,PARADISE VALLEY,ROAD,,,,22106,VC,STARTING PARKED VEHICLES OR BACKING,0,0,MISDEMEANOR,2017,12,Tuesday,20,False,False,False,False,Unknown,-116.76383218676057,33.034426253998184,Police-beat representative point; not exact collision location,True,2,0,0,0
180326,2017-12-30 06:40:00,PARKED VEHICLE OCCUPANT,,,AUTOMOBILE,NISSAN,FRONTIER,446,5000,,REYNOLDS,STREET,,,,22107,VC,TURNING MOVEMENTS AND REQUIRED SIGNALS,0,0,MISDEMEANOR,2017,12,Saturday,6,False,False,False,False,Unknown,-117.08992016000654,32.69913772804682,Police-beat representative point; not exact collision location,True,1,0,0,0
180327,2017-12-28 00:11:00,PARKED VEHICLE OCCUPANT,,,LIGHT DUTY TRUCK,FORD,ECONOLINE E350,836,4400,,QUINCE,STREET,,,,22107,VC,TURNING MOVEMENTS AND REQUIRED SIGNALS,0,0,MISDEMEANOR,2017,12,Thursday,0,False,False,False,False,Unknown,-116.51467538268406,32.973992625535146,Police-beat representative point; not exact collision location,True,1,0,0,0
180328,2017-12-24 16:10:00,PARKED VEHICLE OCCUPANT,,,AUTOMOBILE,CHEVROLET,CRUZE,441,3900,,HEMLOCK,STREET,,,,22107,VC,TURNING MOVEMENTS AND REQUIRED SIGNALS,0,0,MISDEMEANOR,2017,12,Sunday,16,False,False,False,False,Unknown,-117.10769763142628,32.69889849972856,Police-beat representative point; not exact collision location,True,1,0,0,0
180329,2017-12-11 21:16:00,PEDESTRIAN,FATAL,,,,,824,4900,,EL CAJON,BOULEVARD,,,,21954A,VC,PEDESTRIANS OUTSIDE CROSSWALKS,0,1,,2017,12,Monday,21,False,True,True,True,Fatal,-116.84455296904608,33.19173535658806,Police-beat representative point; not exact collision location,True,2,1,1,1
180330,2017-12-24 16:16:00,DRIVER,SEVERE,,MOTORCYCLE,YAMAHA,,327,0,,COLLEGE,AVENUE,,ZURA,WAY,21801A,VC,LEFT TURN YIELD UNTIL SAFE OR U-TURN,3,0,,2017,12,Sunday,16,False,True,True,False,Serious/severe,-117.0584304876291,32.77187444242221,Police-beat representative point; not exact collision location,True,2,2,1,0
180331,2017-12-31 16:42:00,DRIVER,PAIN,,AUTOMOBILE,NISSAN,ALTIMA,437,700,S,WOODMAN,STREET,,,,21802A,VC,"ENTRANCE FROM STOP THROUGH HIGHWAY,YIELD UNTIL REASONABLY SAFE",2,0,,2017,12,Sunday,16,False,True,False,False,Other known injury,-116.76383218676057,33.034426253998184,Police-beat representative point; not exact collision location,True,2,2,0,0
180332,2017-12-24 17:50:00,DRIVER,VISIBLE,,AUTOMOBILE,TOYOTA,CAMRY,451,2200,,54TH,STREET,,,,21453C,VC,"RED ARROW,DO NOT ENTER INTERSECTION",1,0,,2017,12,Sunday,17,False,True,False,False,Other known injury,-117.07498111047565,32.73177907125266,Police-beat representative point; not exact collision location,True,2,1,0,0
180335,2017-12-31 21:30:00,DRIVER,VISIBLE,,AUTOMOBILE,MERCEDES-BENZ,320 SERIES,313,7800,,CLAIREMONT MESA,BOULEVARD,,,,21453C,VC,"RED ARROW,DO NOT ENTER INTERSECTION",2,0,,2017,12,Sunday,21,False,True,False,False,Other known injury,-117.14278671565819,32.83054722226561,Police-beat representative point; not exact collision location,True,2,2,0,0
180341,2017-12-29 16:31:00,DRIVER,,,LIGHT DUTY TRUCK,FORD,F150,526,1600,,01ST,AVENUE,,,,22107,VC,TURNING MOVEMENTS AND REQUIRED SIGNALS,0,0,,2017,12,Friday,16,False,False,False,False,Unknown,-117.15666960759938,32.72152809229162,Police-beat representative point; not exact collision location,True,1,0,0,0
180343,2017-12-28 12:15:00,PEDESTRIAN,VISIBLE,,,,,441,3600,,OCEAN VIEW,BOULEVARD,,,,22107,VC,TURNING MOVEMENTS AND REQUIRED SIGNALS,1,0,,2017,12,Thursday,12,False,True,False,False,Other known injury,-117.10769763142628,32.69889849972856,Police-beat representative point; not exact collision location,True,2,1,0,0
180345,2017-12-29 17:08:00,DRIVER,,,AUTOMOBILE,FORD,FUSION,451,5200,,FEDERAL,BOULEVARD,,,,21950B,VC,"PEDESTRIAN NOT TO SUDDENLY ENTER PATH, ETC",1,0,,2017,12,Friday,17,False,False,False,False,Unknown,-117.07498111047565,32.73177907125266,Police-beat representative point; not exact collision location,True,2,1,0,0
180347,2017-12-27 11:00:00,DRIVER,PAIN,,AUTOMOBILE,PLYMOUTH,RELIANT,512,2100,,FRANKLIN,AVENUE,,,,MISC-HAZ,VC,MISCELLANEOUS HAZARDOUS VIOLATIONS OF THE VEHICLE CODE,1,0,,2017,12,Wednesday,11,False,True,False,False,Other known injury,-117.13052814317592,32.699800986596294,Police-beat representative point; not exact collision location,True,1,1,0,0
180348,2017-12-14 09:10:00,DRIVER,,,AUTOMOBILE,ACURA,TSX,933,0,,VIA DE LA VALLE,,,I-5 SB,,22107,VC,TURNING MOVEMENTS AND REQUIRED SIGNALS,0,0,,2017,12,Thursday,9,True,False,False,False,Unknown,-117.25020174535538,32.955217133425855,Police-beat representative point; not exact collision location,True,2,0,0,0
180351,2017-12-29 03:10:00,PARKED VEHICLE OCCUPANT,,,AUTOMOBILE,HONDA,ACCORD,514,2400,,ISLAND,AVENUE,,,,22107,VC,TURNING MOVEMENTS AND REQUIRED SIGNALS,0,0,MISDEMEANOR,2017,12,Friday,3,False,False,False,False,Unknown,-116.97648996726558,32.842704320208426,Police-beat representative point; not exact collision location,True,1,0,0,0
180352,2017-12-31 20:30:00,DRIVER,,,AUTOMOBILE,VOLKSWAGEN,TIGUAN,124,7600,,VIA CAPRI,,,,,MISC-HAZ,VC,MISCELLANEOUS HAZARDOUS VIOLATIONS OF THE VEHICLE CODE,0,0,,2017,12,Sunday,20,False,False,False,False,Unknown,-117.25836882736988,32.83885413538784,Police-beat representative point; not exact collision location,True,1,0,0,0
180355,2017-12-31 00:01:00,PARKED VEHICLE OCCUPANT,,,AUTOMOBILE,VOLKSWAGEN,BUG,627,1000,,UNIVERSITY,AVENUE,,,,MISC-HAZ,VC,MISCELLANEOUS HAZARDOUS VIOLATIONS OF THE VEHICLE CODE,0,0,,2017,12,Sunday,0,False,False,False,False,Unknown,-116.81568469167085,32.7006865484599,Police-beat representative point; not exact collision location,True,1,0,0,0
180356,2017-12-22 00:01:00,PARKED VEHICLE OCCUPANT,,,AUTOMOBILE,INFINITI,,934,3800,,VALLEY CENTRE,DRIVE,,,,MISC-HAZ,VC,MISCELLANEOUS HAZARDOUS VIOLATIONS OF THE VEHICLE CODE,0,0,MISDEMEANOR,2017,12,Friday,0,False,False,False,False,Unknown,-117.20530507023517,32.937283051376355,Police-beat representative point; not exact collision location,True,1,0,0,0
180360,2017-12-26 12:00:00,DRIVER,,,MOTORCYCLE,HARLEY-DAVIDSON,,611,3500,,SPORTS ARENA,BOULEVARD,,,,21804,VC,ENTERING HWY FROM PRIVATE ROAD OR DRIVEWAY,0,0,MISDEMEANOR,2017,12,Tuesday,12,False,False,False,False,Unknown,-117.20029111792292,32.74087129851641,Police-beat representative point; not exact collision location,True,1,0,0,0
180362,2017-12-27 14:38:00,DRIVER,,,,INTL HARVESTER,,233,12800,,RANCHO PENASQUITOS,BOULEVARD,,,,22107,VC,TURNING MOVEMENTS AND REQUIRED SIGNALS,0,0,,2017,12,Wednesday,14,False,False,False,False,Unknown,-117.12299174891572,32.96218052996461,Police-beat representative point; not exact collision location,True,2,0,0,0
180364,2017-12-28 08:25:00,PARKED VEHICLE OCCUPANT,,,AUTOMOBILE,FORD,EXPLORER,441,400,S,38TH,STREET,,,,22106,VC,STARTING PARKED VEHICLES OR BACKING,0,0,,2017,12,Thursday,8,False,False,False,False,Unknown,-117.10769763142628,32.69889849972856,Police-beat representative point; not exact collision location,True,2,0,0,0
180366,2017-11-02 07:40:00,DRIVER,,,,CHEVROLET,,616,400,,ROSECRANS,STREET,,,,21752D,VC,"DRIVING LEFT OF CENTER,TRAVERSING INTERSECTION",1,0,,2017,11,Thursday,7,False,False,False,False,Unknown,-116.94692878514448,32.752628141220626,Police-beat representative point; not exact collision location,True,2,1,0,0
180368,2017-12-28 10:23:00,DRIVER,,,AUTOMOBILE,FORD,FUSION,527,0,,PACIFIC,HIGHWAY,W,GRAPE,STREET,21658A,VC,LANED ROADWAYS - STRADDLING OR UNSAFE CHANGING,0,0,,2017,12,Thursday,10,False,False,False,False,Unknown,-116.93136247772748,32.86352947495234,Police-beat representative point; not exact collision location,True,2,0,0,0
180371,2017-12-31 03:10:00,PARKED VEHICLE OCCUPANT,,,AUTOMOBILE,HONDA,CIVIC (AND CRX),529,2800,,06TH,AVENUE,,,,22107,VC,TURNING MOVEMENTS AND REQUIRED SIGNALS,0,0,,2017,12,Sunday,3,False,False,False,False,Unknown,-116.93920835327967,32.84017041201663,Police-beat representative point; not exact collision location,True,4,0,0,0
180372,2017-11-21 13:01:00,DRIVER,,,AUTOMOBILE,NISSAN,ALTIMA,521,0,,17TH,STREET,,C,STREET,21802A,VC,"ENTRANCE FROM STOP THROUGH HIGHWAY,YIELD UNTIL REASONABLY SAFE",0,0,,2017,11,Tuesday,13,False,False,False,False,Unknown,-116.95068831877407,32.90328552933019,Police-beat representative point; not exact collision location,True,2,0,0,0
180373,2017-12-22 07:10:00,PEDESTRIAN,SEVERE,,,,,111,5400,,CHATEAU,DRIVE,,,,22350,VC,"VIOLATION OF BASIC SPEED LAW, SPEED UNSAFE FOR CONDITIONS",1,0,,2017,12,Friday,7,False,True,True,False,Serious/severe,-117.1705278025942,32.81770454015894,Police-beat representative point; not exact collision location,True,2,1,1,0
180374,2017-12-29 22:30:00,DRIVER,,,AUTOMOBILE,FORD,,111,4700,,MT ABERNATHY,AVENUE,,,,22107,VC,TURNING MOVEMENTS AND REQUIRED SIGNALS,0,0,,2017,12,Friday,22,False,False,False,False,Unknown,-117.1705278025942,32.81770454015894,Police-beat representative point; not exact collision location,True,1,0,0,0
180375,2017-12-20 22:10:00,DRIVER,,,AUTOMOBILE,FORD,CROWN VICTORIA,613,0,,NIMITZ,BOULEVARD,,WEST POINT LOMA,BOULEVARD,22350,VC,"VIOLATION OF BASIC SPEED LAW, SPEED UNSAFE FOR CONDITIONS",0,0,,2017,12,Wednesday,22,False,False,False,False,Unknown,-116.94185098320088,32.77374071883966,Police-beat representative point; not exact collision location,True,1,0,0,0
180376,2017-12-19 14:57:00,DRIVER,,,,,,521,0,,B,STREET,,16TH,STREET,22106,VC,STARTING PARKED VEHICLES OR BACKING,0,0,,2017,12,Tuesday,14,False,False,False,False,Unknown,-116.95068831877407,32.90328552933019,Police-beat representative point; not exact collision location,True,2,0,0,0
180377,2017-12-30 01:40:00,DRIVER,,,AUTOMOBILE,FORD,CROWN VICTORIA,523,500,,06TH,AVENUE,,,,21703,VC,FOLLOWING TOO CLOSELY,1,0,,2017,12,Saturday,1,False,False,False,False,Unknown,-116.8361320030119,32.95617399388699,Police-beat representative point; not exact collision location,True,1,0,0,0
180378,2017-12-12 10:25:00,DRIVER,,,LIGHT DUTY TRUCK,FORD,ECONOLINE E450 (VAN),313,0,,RUFFIN,ROAD,,BALBOA,AVENUE,22107,VC,TURNING MOVEMENTS AND REQUIRED SIGNALS,0,0,,2017,12,Tuesday,10,False,False,False,False,Unknown,-117.14278671565819,32.83054722226561,Police-beat representative point; not exact collision location,True,2,0,0,0
180379,2017-12-01 11:55:00,DRIVER,,,LIGHT DUTY TRUCK,FORD,,614,2000,,ABBOTT,STREET,,,,21703,VC,FOLLOWING TOO CLOSELY,0,0,,2017,12,Friday,11,False,False,False,False,Unknown,-117.2480835727332,32.74620175051584,Police-beat representative point; not exact collision location,True,2,0,0,0
180380,2017-12-01 10:00:00,DRIVER,,,TRUCK,,,512,300,S,32ND,STREET,,,,22106,VC,STARTING PARKED VEHICLES OR BACKING,0,0,,2017,12,Friday,10,False,False,False,False,Unknown,-117.13052814317592,32.699800986596294,Police-beat representative point; not exact collision location,True,1,0,0,0
180381,2017-12-24 19:40:00,DRIVER,,,LIGHT DUTY TRUCK,FORD,F150,114,4100,,COLE,WAY,,,,22106,VC,STARTING PARKED VEHICLES OR BACKING,0,0,,2017,12,Sunday,19,False,False,False,False,Unknown,-117.20426920911271,32.829658103655376,Police-beat representative point; not exact collision location,True,2,0,0,0
180382,2017-12-26 12:22:00,DRIVER,,,AUTOMOBILE,KIA,SOUL,511,0,,CESAR E CHAVEZ,PARKWAY,,LOGAN,AVENUE,21453A,VC,"RED OR STOP,VEHICLES STOP AT LIMIT LINE",1,0,,2017,12,Tuesday,12,False,False,False,False,Unknown,-117.13284733903458,32.6923534985372,Police-beat representative point; not exact collision location,True,3,0,0,0
180385,2017-12-27 12:30:00,DRIVER,,,AUTOMOBILE,NISSAN,350Z,760,9300,,EXECUTIVE,WAY,,,,MISC-HAZ,VC,MISCELLANEOUS HAZARDOUS VIOLATIONS OF THE VEHICLE CODE,1,0,,2017,12,Wednesday,12,False,False,False,False,Unknown,,,,False,2,1,0,0
180387,2017-09-27 18:42:00,DRIVER,,,AUTOMOBILE,HONDA,PILOT,122,2100,,GARNET,AVENUE,,,,22350,VC,"VIOLATION OF BASIC SPEED LAW, SPEED UNSAFE FOR CONDITIONS",0,0,,2017,9,Wednesday,18,False,False,False,False,Unknown,-117.23577882171637,32.80138866666046,Police-beat representative point; not exact collision location,True,3,0,0,0
180393,2017-01-05 08:30:00,DRIVER,,,AUTOMOBILE,ACURA,MDX,931,3800,,SORRENTO VALLEY,BOULEVARD,,,,MISC-HAZ,VC,MISCELLANEOUS HAZARDOUS VIOLATIONS OF THE VEHICLE CODE,0,0,,2017,1,Thursday,8,False,False,False,False,Unknown,-117.19382843269258,32.89512014912518,Police-beat representative point; not exact collision location,True,1,0,0,0
180405,2017-12-30 18:56:00,PARKED VEHICLE OCCUPANT,,,AUTOMOBILE,MITSUBISHI,LANCER(EVOLUTION),721,1100,,SATURN,BOULEVARD,,,,22106,VC,STARTING PARKED VEHICLES OR BACKING,0,0,MISDEMEANOR,2017,12,Saturday,18,False,False,False,False,Unknown,-117.09825832771111,32.58281392644402,Police-beat representative point; not exact collision location,True,1,0,0,0
180406,2017-12-16 07:35:00,PARKED VEHICLE OCCUPANT,,,AUTOMOBILE,TOYOTA,COROLLA,722,2300,,TOCAYO,AVENUE,,,,22107,VC,TURNING MOVEMENTS AND REQUIRED SIGNALS,0,0,MISDEMEANOR,2017,12,Saturday,7,False,False,False,False,Unknown,-117.00913888789105,32.66711452591835,Police-beat representative point; not exact collision location,True,1,0,0,0
180409,2017-12-29 13:00:00,PARKED VEHICLE OCCUPANT,,,AUTOMOBILE,CHEVROLET,CRUZE,712,4500,,CAM DE LA PLAZA,,,,,MISC-HAZ,VC,MISCELLANEOUS HAZARDOUS VIOLATIONS OF THE VEHICLE CODE,0,0,MISDEMEANOR,2017,12,Friday,13,False,False,False,False,Unknown,-117.04801204711242,32.555674316681994,Police-beat representative point; not exact collision location,True,1,0,0,0
180410,2017-12-31 14:00:00,PARKED VEHICLE OCCUPANT,,,AUTOMOBILE,ACURA,TL,122,1300,,GARNET,AVENUE,,,,22107,VC,TURNING MOVEMENTS AND REQUIRED SIGNALS,0,0,MISDEMEANOR,2017,12,Sunday,14,False,False,False,False,Unknown,-117.23577882171637,32.80138866666046,Police-beat representative point; not exact collision location,True,1,0,0,0
180413,2017-12-29 14:30:00,PARKED VEHICLE OCCUPANT,,,LIGHT DUTY TRUCK,TOYOTA,TUNDRA,611,2700,,MIDWAY,DRIVE,,,,MISC-HAZ,VC,MISCELLANEOUS HAZARDOUS VIOLATIONS OF THE VEHICLE CODE,0,0,MISDEMEANOR,2017,12,Friday,14,False,False,False,False,Unknown,-117.20029111792292,32.74087129851641,Police-beat representative point; not exact collision location,True,1,0,0,0
180416,2017-12-29 04:48:00,DRIVER,,,AUTOMOBILE,TOYOTA,,523,400,,06TH,AVENUE,,,,21950A,VC,YIELD RIGHT OF WAY TO PEDESTRIANS,1,0,,2017,12,Friday,4,False,False,False,False,Unknown,-116.8361320030119,32.95617399388699,Police-beat representative point; not exact collision location,True,2,1,0,0
180417,2017-12-26 20:49:00,DRIVER,,,,MERCEDES-BENZ,,521,1600,,F,STREET,,,,22350,VC,"VIOLATION OF BASIC SPEED LAW, SPEED UNSAFE FOR CONDITIONS",0,0,,2017,12,Tuesday,20,False,False,False,False,Unknown,-116.95068831877407,32.90328552933019,Police-beat representative point; not exact collision location,True,2,0,0,0
180418,2017-01-05 10:46:00,DRIVER,,,AUTOMOBILE,VOLVO,V70,114,4800,,CLAIREMONT,DRIVE,,,,22106,VC,STARTING PARKED VEHICLES OR BACKING,1,0,,2017,1,Thursday,10,False,False,False,False,Unknown,-117.20426920911271,32.829658103655376,Police-beat representative point; not exact collision location,True,2,1,0,0
180421,2017-12-29 19:30:00,DRIVER,,,,MAZDA,626,713,2300,,ROLL,DRIVE,,,,22107,VC,TURNING MOVEMENTS AND REQUIRED SIGNALS,1,0,,2017,12,Friday,19,False,False,False,False,Unknown,-116.98788827590417,32.564553838907365,Police-beat representative point; not exact collision location,True,2,0,0,0
180430,2017-12-01 19:16:00,DRIVER,,,LIGHT DUTY TRUCK,TOYOTA,TACOMA,445,4700,,HILLTOP,DRIVE,,,,21950A,VC,YIELD RIGHT OF WAY TO PEDESTRIANS,1,0,,2017,12,Friday,19,False,False,False,False,Unknown,-116.77307253626101,33.08358611664043,Police-beat representative point; not exact collision location,True,1,0,0,0
180435,2017-12-30 20:15:00,DRIVER,,,AUTOMOBILE,JEEP,LIBERTY,721,1800,,PALM,AVENUE,,,,21954A,VC,PEDESTRIANS OUTSIDE CROSSWALKS,1,0,,2017,12,Saturday,20,False,False,False,False,Unknown,-117.09825832771111,32.58281392644402,Police-beat representative point; not exact collision location,True,2,1,0,0
180443,2017-12-27 14:44:00,DRIVER,,,AUTOMOBILE,HONDA,CIVIC (AND CRX),233,0,,PENASQUITIOS,DRIVE,,,,22106,VC,STARTING PARKED VEHICLES OR BACKING,0,0,,2017,12,Wednesday,14,False,False,False,False,Unknown,-117.12299174891572,32.96218052996461,Police-beat representative point; not exact collision location,True,2,0,0,0
180448,2017-11-29 07:15:00,DRIVER,PAIN,,MOTORCYCLE,HARLEY-DAVIDSON,,627,3800,,04TH,AVENUE,,,,22103,VC,U-TURN IN RESIDENCE DISTRICT,1,0,MISDEMEANOR,2017,11,Wednesday,7,False,True,False,False,Other known injury,-116.81568469167085,32.7006865484599,Police-beat representative point; not exact collision location,True,1,1,0,0
180449,2017-12-30 09:48:00,DRIVER,,,AUTOMOBILE,TOYOTA,YARIS,525,900,,FRONT,STREET,,,,20002(A),VC,HIT AND RUN,0,0,MISDEMEANOR,2017,12,Saturday,9,False,False,False,False,Unknown,-116.93973829827166,32.879951936980746,Police-beat representative point; not exact collision location,True,1,0,0,0
180450,2017-12-07 14:00:00,PARKED VEHICLE OCCUPANT,,,,GENERAL MOTORS CORP,,623,7000,,FRIARS,ROAD,,,,MISC-HAZ,VC,MISCELLANEOUS HAZARDOUS VIOLATIONS OF THE VEHICLE CODE,0,0,MISDEMEANOR,2017,12,Thursday,14,False,False,False,False,Unknown,-117.17795146796615,32.764147409640195,Police-beat representative point; not exact collision location,True,1,0,0,0
180469,2017-12-31 17:45:00,DRIVER,,,AUTOMOBILE,SUBARU,IMPREZA,243,9600,,BLACK MTN,ROAD,,,,22106,VC,STARTING PARKED VEHICLES OR BACKING,0,0,,2017,12,Sunday,17,False,False,False,False,Unknown,-117.15308981578755,32.870391979565866,Police-beat representative point; not exact collision location,True,2,0,0,0
180470,2017-12-31 21:49:00,PARKED VEHICLE OCCUPANT,,,AUTOMOBILE,HONDA,ACCORD,613,0,,FROUDE,STREET,,NEWPORT,AVENUE,MISC-HAZ,VC,MISCELLANEOUS HAZARDOUS VIOLATIONS OF THE VEHICLE CODE,1,0,,2017,12,Sunday,21,False,False,False,False,Unknown,-116.94185098320088,32.77374071883966,Police-beat representative point; not exact collision location,True,2,0,0,0
180471,2017-12-18 03:53:00,DRIVER,VISIBLE,,AUTOMOBILE,TOYOTA,TACOMA,313,0,,TIERRASANTA,BOULEVARD,,I-15 SB,,21651(C),VC,DRIVE THE WRONG WAY ON A DIVIDED HIGHWAY: CAUSE INJ OR DEATH,2,0,,2017,12,Monday,3,True,True,False,False,Other known injury,-117.14278671565819,32.83054722226561,Police-beat representative point; not exact collision location,True,2,2,1,0
180474,2017-12-30 18:40:00,PARKED VEHICLE OCCUPANT,,,AUTOMOBILE,ACURA,RSX,821,6500,,EL CAJON,BOULEVARD,,,,MISC-HAZ,VC,MISCELLANEOUS HAZARDOUS VIOLATIONS OF THE VEHICLE CODE,0,0,MISDEMEANOR,2017,12,Saturday,18,False,False,False,False,Unknown,-116.82746789804872,33.26397631835824,Police-beat representative point; not exact collision location,True,1,0,0,0
180477,2017-12-12 13:00:00,DRIVER,,,AUTOMOBILE,CADILLAC,CTS,122,1600,,GARNET,AVENUE,,,,MISC-HAZ,VC,MISCELLANEOUS HAZARDOUS VIOLATIONS OF THE VEHICLE CODE,0,0,MISDEMEANOR,2017,12,Tuesday,13,False,False,False,False,Unknown,-117.23577882171637,32.80138866666046,Police-beat representative point; not exact collision location,True,1,0,0,0
180492,2017-12-17 23:10:00,DRIVER,,,,,,999,1800,,GENESEE,,,,,22107,VC,TURNING MOVEMENTS AND REQUIRED SIGNALS,0,0,MISDEMEANOR,2017,12,Sunday,23,False,False,False,False,Unknown,,,,False,1,0,0,0
180500,2017-12-29 20:13:00,PARKED VEHICLE OCCUPANT,,,LIGHT DUTY TRUCK,FORD,,614,4800,,MUIR,AVENUE,,,,22107,VC,TURNING MOVEMENTS AND REQUIRED SIGNALS,1,0,,2017,12,Friday,20,False,False,False,False,Unknown,-117.2480835727332,32.74620175051584,Police-beat representative point; not exact collision location,True,3,1,0,0
180501,2017-12-18 20:00:00,BICYCLIST,SEVERE,,UNLISTED CONSTRUCTION EQUIPMENT,,,613,2200,,ETIWANDA,STREET,,,,MISC-HAZ,VC,MISCELLANEOUS HAZARDOUS VIOLATIONS OF THE VEHICLE CODE,1,0,,2017,12,Monday,20,False,True,True,False,Serious/severe,-116.94185098320088,32.77374071883966,Police-beat representative point; not exact collision location,True,1,1,1,0
180507,2017-11-22 16:22:00,DRIVER,,,AUTOMOBILE,HONDA,ACCORD,822,5900,,EL CAJON,BOULEVARD,,,,MISC-HAZ,VC,MISCELLANEOUS HAZARDOUS VIOLATIONS OF THE VEHICLE CODE,0,0,MISDEMEANOR,2017,11,Wednesday,16,False,False,False,False,Unknown,-116.64556173889338,33.31983921529675,Police-beat representative point; not exact collision location,True,1,0,0,0
180514,2017-12-16 09:45:00,DRIVER,,,AUTOMOBILE,HYUNDAI,,231,11300,,POWAY,ROAD,,,,22107,VC,TURNING MOVEMENTS AND REQUIRED SIGNALS,0,0,MISDEMEANOR,2017,12,Saturday,9,False,False,False,False,Unknown,-117.0940264562798,32.9507045521999,Police-beat representative point; not exact collision location,True,1,0,0,0
180519,2017-12-31 00:07:00,DRIVER,VISIBLE,,,HONDA,,312,0,,AERO,DRIVE,,I-15 NB,,21453B,VC,AFTER STOPPING YIELD TO PEDESTRIANS,1,0,,2017,12,Sunday,0,True,True,False,False,Other known injury,-117.08256786059422,32.83444136883477,Police-beat representative point; not exact collision location,True,2,1,0,0
180534,2017-12-21 12:15:00,PARKED VEHICLE OCCUPANT,,,AUTOMOBILE,GENERAL MOTORS CORP,TERRAIN,115,4100,,REGENTS PARK RUN,,,,,20002(A),VC,HIT AND RUN,0,0,MISDEMEANOR,2017,12,Thursday,12,False,False,False,False,Unknown,-117.21197916564599,32.86966313233439,Police-beat representative point; not exact collision location,True,1,0,0,0
180539,2017-12-01 18:30:00,PARKED VEHICLE OCCUPANT,,,,B.M.W.,,315,1600,,CAM DEL RIO NORTH,,,,,MISC-HAZ,VC,MISCELLANEOUS HAZARDOUS VIOLATIONS OF THE VEHICLE CODE,0,0,MISDEMEANOR,2017,12,Friday,18,False,False,False,False,Unknown,-117.14213316310999,32.773422052363586,Police-beat representative point; not exact collision location,True,1,0,0,0
180549,2017-12-27 17:50:00,DRIVER,,,AUTOMOBILE,HYUNDAI,SONATA,934,0,,CARMEL COUNTRY,ROAD,,DEL MAR HEIGHTS,ROAD,22106,VC,STARTING PARKED VEHICLES OR BACKING,0,0,,2017,12,Wednesday,17,False,False,False,False,Unknown,-117.20530507023517,32.937283051376355,Police-beat representative point; not exact collision location,True,2,0,0,0
180554,2017-12-03 09:00:00,DRIVER,,,LIGHT DUTY TRUCK,TOYOTA,TACOMA,628,3900,,HAWK,STREET,,,,UNKNOWN,VC,UNKNOWN/INVALID CHARGE,1,0,,2017,12,Sunday,9,False,False,False,False,Unknown,-117.00586281519546,32.72528832037109,Police-beat representative point; not exact collision location,True,2,1,0,0
180556,2017-12-17 13:45:00,DRIVER,VISIBLE,,TRUCK,TOYOTA,PRIUS,625,2600,,SUNSET,STREET,,,,21804,VC,ENTERING HWY FROM PRIVATE ROAD OR DRIVEWAY,3,0,,2017,12,Sunday,13,False,True,False,False,Other known injury,-116.92295457345952,32.71166795495702,Police-beat representative point; not exact collision location,True,2,1,0,0
180558,2017-12-30 07:40:00,PARKED VEHICLE OCCUPANT,,,AUTOMOBILE,TOYOTA,4-RUNNER,313,7500,,CLAIREMONT MESA,BOULEVARD,,,,22106,VC,STARTING PARKED VEHICLES OR BACKING,0,0,,2017,12,Saturday,7,False,False,False,False,Unknown,-117.14278671565819,32.83054722226561,Police-beat representative point; not exact collision location,True,2,0,0,0
180580,2017-12-24 21:23:00,PEDESTRIAN,PAIN,,,,,999,5000,,EUCLID,AVENUE,,,,21950A,VC,YIELD RIGHT OF WAY TO PEDESTRIANS,2,0,MISDEMEANOR,2017,12,Sunday,21,False,True,False,False,Other known injury,,,,False,1,1,0,0
180581,2017-12-28 14:19:00,DRIVER,,,,CHEVROLET,SILVERADO,112,4300,,GENESEE,AVENUE,,,,22350,VC,"VIOLATION OF BASIC SPEED LAW, SPEED UNSAFE FOR CONDITIONS",0,0,MISDEMEANOR,2017,12,Thursday,14,False,False,False,False,Unknown,-117.18769143599107,32.81047946026704,Police-beat representative point; not exact collision location,True,1,0,0,0
180587,2017-12-28 17:50:00,PARKED VEHICLE OCCUPANT,,,,HONDA,FIT,711,2100,,HOLLISTER,STREET,,,,MISC-HAZ,VC,MISCELLANEOUS HAZARDOUS VIOLATIONS OF THE VEHICLE CODE,0,0,,2017,12,Thursday,17,False,False,False,False,Unknown,-117.08682754599928,32.54811512377198,Police-beat representative point; not exact collision location,True,1,0,0,0
180593,2017-12-24 11:00:00,PARKED VEHICLE OCCUPANT,,,AUTOMOBILE,HYUNDAI,ACCENT,115,4500,,LA JOLLA VILLAGE,DRIVE,,,,MISC-HAZ,VC,MISCELLANEOUS HAZARDOUS VIOLATIONS OF THE VEHICLE CODE,0,0,MISDEMEANOR,2017,12,Sunday,11,False,False,False,False,Unknown,-117.21197916564599,32.86966313233439,Police-beat representative point; not exact collision location,True,1,0,0,0
180604,2017-11-13 20:00:00,PARKED VEHICLE OCCUPANT,,,,HYUNDAI,ACCENT,121,3200,,MISSION,BOULEVARD,,,,22106,VC,STARTING PARKED VEHICLES OR BACKING,0,0,MISDEMEANOR,2017,11,Monday,20,False,False,False,False,Unknown,-117.25178198162368,32.77481165227195,Police-beat representative point; not exact collision location,True,1,0,0,0
180609,2017-12-14 19:00:00,,,,,,,111,7600,,LINDA VISTA,ROAD,,,,22107,VC,TURNING MOVEMENTS AND REQUIRED SIGNALS,0,0,MISDEMEANOR,2017,12,Thursday,19,False,False,False,False,Unknown,-117.1705278025942,32.81770454015894,Police-beat representative point; not exact collision location,True,1,0,0,0
180610,2017-12-19 12:12:00,DRIVER,,,,TOYOTA,4-RUNNER,242,10200,,ROYAL ANN,AVENUE,,,,22106,VC,STARTING PARKED VEHICLES OR BACKING,0,0,MISDEMEANOR,2017,12,Tuesday,12,False,False,False,False,Unknown,-117.1426172010863,32.91947899976272,Police-beat representative point; not exact collision location,True,1,0,0,0
180611,2017-10-25 10:00:00,PARKED VEHICLE OCCUPANT,,,AUTOMOBILE,FORD,FUSION,445,4700,,MARKET,STREET,,,,MISC-HAZ,VC,MISCELLANEOUS HAZARDOUS VIOLATIONS OF THE VEHICLE CODE,0,0,MISDEMEANOR,2017,10,Wednesday,10,False,False,False,False,Unknown,-116.77307253626101,33.08358611664043,Police-beat representative point; not exact collision location,True,1,0,0,0
180656,2017-01-13 17:00:00,PARKED VEHICLE OCCUPANT,,,AUTOMOBILE,FORD,EXP,517,1000,,33RD,STREET,,,,MISC-HAZ,VC,MISCELLANEOUS HAZARDOUS VIOLATIONS OF THE VEHICLE CODE,0,0,MISDEMEANOR,2017,1,Friday,17,False,False,False,False,Unknown,-117.13433778552573,32.71632203758088,Police-beat representative point; not exact collision location,True,1,0,0,0
180658,2017-12-17 00:20:00,,,,,,,627,4000,,FRONT,STREET,,,,22106,VC,STARTING PARKED VEHICLES OR BACKING,0,0,MISDEMEANOR,2017,12,Sunday,0,False,False,False,False,Unknown,-116.81568469167085,32.7006865484599,Police-beat representative point; not exact collision location,True,1,0,0,0
180665,2017-01-12 08:07:00,DRIVER,PAIN,,,FORD,RANGER,326,5200,,COLLEGE,AVENUE,,,,21801A,VC,LEFT TURN YIELD UNTIL SAFE OR U-TURN,1,0,,2017,1,Thursday,8,False,True,False,False,Other known injury,-117.158853043931,33.21520407905139,Police-beat representative point; not exact collision location,True,2,1,0,0
180701,2017-12-19 12:12:00,DRIVER,,,,TOYOTA,4-RUNNER,242,10200,,ROYAL ANN,AVENUE,,,,22106,VC,STARTING PARKED VEHICLES OR BACKING,0,0,MISDEMEANOR,2017,12,Tuesday,12,False,False,False,False,Unknown,-117.1426172010863,32.91947899976272,Police-beat representative point; not exact collision location,True,1,0,0,0
180703,2017-12-30 13:20:00,DRIVER,FATAL,,,DUCATI,,517,0,,19TH,STREET,,BROADWAY,,21801A,VC,LEFT TURN YIELD UNTIL SAFE OR U-TURN,0,1,,2017,12,Saturday,13,False,True,True,True,Fatal,-117.13433778552573,32.71632203758088,Police-beat representative point; not exact collision location,True,2,1,1,1
180731,2017-12-24 16:27:00,,,,,,,622,4900,,PACIFIC,HIGHWAY,,,,22107,VC,TURNING MOVEMENTS AND REQUIRED SIGNALS,0,0,MISDEMEANOR,2017,12,Sunday,16,False,False,False,False,Unknown,-117.1930381983357,32.77053271608819,Police-beat representative point; not exact collision location,True,1,0,0,0
180732,2017-12-11 15:45:00,DRIVER,,,,DODGE,RAM CHARGER,446,1200,S,47TH,STREET,,,,21802A,VC,"ENTRANCE FROM STOP THROUGH HIGHWAY,YIELD UNTIL REASONABLY SAFE",1,0,,2017,12,Monday,15,False,False,False,False,Unknown,-117.08992016000654,32.69913772804682,Police-beat representative point; not exact collision location,True,2,1,0,0
180789,2017-01-22 15:43:00,DRIVER,PAIN,,,HONDA,ODYSSEY,243,8600,,MIRAMAR,ROAD,,,,22350,VC,"VIOLATION OF BASIC SPEED LAW, SPEED UNSAFE FOR CONDITIONS",2,0,,2017,1,Sunday,15,False,True,False,False,Other known injury,-117.15308981578755,32.870391979565866,Police-beat representative point; not exact collision location,True,2,2,0,0
180799,2017-12-03 17:00:00,PARKED VEHICLE OCCUPANT,,,,TOYOTA,PRIUS,821,6600,,MONTEZUMA,ROAD,,,,MISC-HAZ,VC,MISCELLANEOUS HAZARDOUS VIOLATIONS OF THE VEHICLE CODE,0,0,MISDEMEANOR,2017,12,Sunday,17,False,False,False,False,Unknown,-116.82746789804872,33.26397631835824,Police-beat representative point; not exact collision location,True,1,0,0,0
180833,2017-12-29 00:01:00,DRIVER,,,,HYUNDAI,,234,10800,,RANCHO BERNARDO,,,,,MISC-HAZ,VC,MISCELLANEOUS HAZARDOUS VIOLATIONS OF THE VEHICLE CODE,0,0,MISDEMEANOR,2017,12,Friday,0,False,False,False,False,Unknown,-117.07040835691859,33.033630033425176,Police-beat representative point; not exact collision location,True,1,0,0,0
180862,2017-12-10 10:20:00,DRIVER,,,,HONDA,CIVIC (AND CRX),116,1900,,ILLION,STREET,,,,MISC-HAZ,VC,MISCELLANEOUS HAZARDOUS VIOLATIONS OF THE VEHICLE CODE,0,0,MISDEMEANOR,2017,12,Sunday,10,False,False,False,False,Unknown,-117.19770197666779,32.7908774997026,Police-beat representative point; not exact collision location,True,1,0,0,0
180926,2017-11-24 19:15:00,DRIVER,PAIN,,,SCION,,441,0,,IMPERIAL,AVENUE,,REDWORKS,PARKWAY,22450(A),VC,STOP REQUIREMENTS STATE STOP LINE,3,0,,2017,11,Friday,19,False,True,False,False,Other known injury,-117.10769763142628,32.69889849972856,Police-beat representative point; not exact collision location,True,2,2,0,0
180957,2017-10-13 12:00:00,,,,,,,836,3100,,FAIRMOUNT,AVENUE,,,,MISC-HAZ,VC,MISCELLANEOUS HAZARDOUS VIOLATIONS OF THE VEHICLE CODE,0,0,MISDEMEANOR,2017,10,Friday,12,False,False,False,False,Unknown,-116.51467538268406,32.973992625535146,Police-beat representative point; not exact collision location,True,1,0,0,0
181016,2017-12-30 21:38:00,PARKED VEHICLE OCCUPANT,,,,FORD,FOCUS,712,400,,BLACKSHAW,LANE,,,,MISC-HAZ,VC,MISCELLANEOUS HAZARDOUS VIOLATIONS OF THE VEHICLE CODE,0,0,MISDEMEANOR,2017,12,Saturday,21,False,False,False,False,Unknown,-117.04801204711242,32.555674316681994,Police-beat representative point; not exact collision location,True,1,0,0,0
181026,2017-11-14 12:00:00,,,,,,,512,3200,,OCEAN VIEW,BOULEVARD,,,,22350,VC,"VIOLATION OF BASIC SPEED LAW, SPEED UNSAFE FOR CONDITIONS",0,0,MISDEMEANOR,2017,11,Tuesday,12,False,False,False,False,Unknown,-117.13052814317592,32.699800986596294,Police-beat representative point; not exact collision location,True,1,0,0,0
181029,2017-11-11 09:00:00,PARKED VEHICLE OCCUPANT,,,,HONDA,CIVIC (AND CRX),115,3400,,LEBON,DRIVE,,,,22107,VC,TURNING MOVEMENTS AND REQUIRED SIGNALS,0,0,MISDEMEANOR,2017,11,Saturday,9,False,False,False,False,Unknown,-117.21197916564599,32.86966313233439,Police-beat representative point; not exact collision location,True,1,0,0,0
181046,2017-12-04 07:04:00,DRIVER,,,,INFINITI,G35,511,1600,,WABASH,BOULEVARD,,,,22350,VC,"VIOLATION OF BASIC SPEED LAW, SPEED UNSAFE FOR CONDITIONS",1,0,,2017,12,Monday,7,False,False,False,False,Unknown,-117.13284733903458,32.6923534985372,Police-beat representative point; not exact collision location,True,2,1,1,0
181068,2017-12-23 00:59:00,DRIVER,,,,HYUNDAI,TUCSON,523,400,,05TH,AVENUE,,,,22107,VC,TURNING MOVEMENTS AND REQUIRED SIGNALS,0,0,,2017,12,Saturday,0,False,False,False,False,Unknown,-116.8361320030119,32.95617399388699,Police-beat representative point; not exact collision location,True,2,0,0,0
181069,2017-12-12 17:30:00,PARKED VEHICLE OCCUPANT,,,,HONDA,ACCORD,931,6000,,CORNERSTONE,COURT,,,,22107,VC,TURNING MOVEMENTS AND REQUIRED SIGNALS,1,0,,2017,12,Tuesday,17,False,False,False,False,Unknown,-117.19382843269258,32.89512014912518,Police-beat representative point; not exact collision location,True,3,1,0,0
181083,2017-11-16 09:38:00,DRIVER,PAIN,,,TOYOTA,COROLLA,811,3500,,EL CAJON,BOULEVARD,,,,MISC-HAZ,VC,MISCELLANEOUS HAZARDOUS VIOLATIONS OF THE VEHICLE CODE,1,0,,2017,11,Thursday,9,False,True,False,False,Other known injury,-116.89331559684965,33.28874302390258,Police-beat representative point; not exact collision location,True,2,1,0,0
181104,2017-12-20 20:30:00,,,,,,,242,10900,,VIA ABACA,,,,,22350,VC,"VIOLATION OF BASIC SPEED LAW, SPEED UNSAFE FOR CONDITIONS",0,0,MISDEMEANOR,2017,12,Wednesday,20,False,False,False,False,Unknown,-117.1426172010863,32.91947899976272,Police-beat representative point; not exact collision location,True,1,0,0,0
181150,2017-12-09 03:30:00,PARKED VEHICLE OCCUPANT,,,,MERCEDES-BENZ,,451,2400,,56TH,STREET,,,,MISC-HAZ,VC,MISCELLANEOUS HAZARDOUS VIOLATIONS OF THE VEHICLE CODE,0,0,MISDEMEANOR,2017,12,Saturday,3,False,False,False,False,Unknown,-117.07498111047565,32.73177907125266,Police-beat representative point; not exact collision location,True,1,0,0,0
181178,2017-11-05 14:15:00,DRIVER,,,,TOYOTA,TUNDRA,111,6000,,MT ALIFAN,DRIVE,,,,21750,VC,OVERTAKE AND PASS TO LEFT,0,0,,2017,11,Sunday,14,False,False,False,False,Unknown,-117.1705278025942,32.81770454015894,Police-beat representative point; not exact collision location,True,1,0,0,0
181182,2017-11-30 11:33:00,,,,,,,622,5900,,LINDA VISTA,ROAD,,,,MISC-HAZ,VC,MISCELLANEOUS HAZARDOUS VIOLATIONS OF THE VEHICLE CODE,0,0,MISDEMEANOR,2017,11,Thursday,11,False,False,False,False,Unknown,-117.1930381983357,32.77053271608819,Police-beat representative point; not exact collision location,True,1,0,0,0
181235,2017-02-08 21:51:00,DRIVER,,,,FORD,F650 SUPER CREW,934,5300,,GRAND DEL MAR,COURT,,,,22106,VC,STARTING PARKED VEHICLES OR BACKING,0,0,,2017,2,Wednesday,21,False,False,False,False,Unknown,-117.20530507023517,32.937283051376355,Police-beat representative point; not exact collision location,True,1,0,0,0
181286,2017-02-08 16:20:00,PARKED VEHICLE OCCUPANT,,,AUTOMOBILE,BUICK,,311,3500,,AERO,COURT,,,,MISC-HAZ,VC,MISCELLANEOUS HAZARDOUS VIOLATIONS OF THE VEHICLE CODE,0,0,MISDEMEANOR,2017,2,Wednesday,16,False,False,False,False,Unknown,-117.13085133944696,32.792844777392105,Police-beat representative point; not exact collision location,True,1,0,0,0
181291,2017-11-13 13:08:00,DRIVER,,,,HONDA,ACCORD,839,3900,,40TH,STREET,,,,21453A,VC,"RED OR STOP,VEHICLES STOP AT LIMIT LINE",0,0,MISDEMEANOR,2017,11,Monday,13,False,False,False,False,Unknown,-117.11462286707754,32.743506326674634,Police-beat representative point; not exact collision location,True,2,0,0,0
181344,2017-12-21 09:45:00,PARKED VEHICLE OCCUPANT,,,,TOYOTA,PRIUS,524,1200,,STATE,STREET,,,,22107,VC,TURNING MOVEMENTS AND REQUIRED SIGNALS,0,0,MISDEMEANOR,2017,12,Thursday,9,False,False,False,False,Unknown,-116.85701579124563,32.89382936706996,Police-beat representative point; not exact collision location,True,1,0,0,0
181371,2017-11-30 11:33:00,,,,,,,622,5900,,LINDA VISTA,ROAD,,,,MISC-HAZ,VC,MISCELLANEOUS HAZARDOUS VIOLATIONS OF THE VEHICLE CODE,0,0,MISDEMEANOR,2017,11,Thursday,11,False,False,False,False,Unknown,-117.1930381983357,32.77053271608819,Police-beat representative point; not exact collision location,True,1,0,0,0
181385,2017-12-12 17:20:00,DRIVER,,,,JEEP,WRANGLER,241,0,,KEARNY VILLA,ROAD,,SR-163 SB,,21801A,VC,LEFT TURN YIELD UNTIL SAFE OR U-TURN,1,0,,2017,12,Tuesday,17,True,False,False,False,Unknown,-117.0564648801472,32.88634531749301,Police-beat representative point; not exact collision location,True,2,1,0,0
181401,2017-11-26 03:00:00,PARKED VEHICLE OCCUPANT,,,AUTOMOBILE,FREIGHTLINER,,511,2900,,MAIN,STREET,,,,MISC-HAZ,VC,MISCELLANEOUS HAZARDOUS VIOLATIONS OF THE VEHICLE CODE,0,0,MISDEMEANOR,2017,11,Sunday,3,False,False,False,False,Unknown,-117.13284733903458,32.6923534985372,Police-beat representative point; not exact collision location,True,1,0,0,0
181431,2017-08-06 15:47:00,DRIVER,,,,SCION,XD,614,0,,CABLE,STREET,,LONG BRANCH,AVENUE,22107,VC,TURNING MOVEMENTS AND REQUIRED SIGNALS,0,0,MISDEMEANOR,2017,8,Sunday,15,False,False,False,False,Unknown,-117.2480835727332,32.74620175051584,Police-beat representative point; not exact collision location,True,1,0,0,0
181542,2017-12-21 17:08:00,DRIVER,,,,LEXUS,ES300,126,10700,,NORTH TORREY PINES,ROAD,,,,21703,VC,FOLLOWING TOO CLOSELY,2,0,,2017,12,Thursday,17,False,False,False,False,Unknown,-117.24032813563096,32.892381430965,Police-beat representative point; not exact collision location,True,3,2,0,0
181612,2017-11-29 15:30:00,DRIVER,,,,TOYOTA,,327,0,,COLLEGE,AVENUE,,I-8 EB,,21658A,VC,LANED ROADWAYS - STRADDLING OR UNSAFE CHANGING,0,0,MISDEMEANOR,2017,11,Wednesday,15,True,False,False,False,Unknown,-117.0584304876291,32.77187444242221,Police-beat representative point; not exact collision location,True,1,0,0,0
181626,2017-12-27 10:00:00,DRIVER,,,AUTOMOBILE,SUBARU,,313,7900,,BALBOA,AVENUE,,,,22106,VC,STARTING PARKED VEHICLES OR BACKING,0,0,,2017,12,Wednesday,10,False,False,False,False,Unknown,-117.14278671565819,32.83054722226561,Police-beat representative point; not exact collision location,True,2,0,0,0
181660,2017-11-03 15:42:00,DRIVER,PAIN,,,NISSAN,FRONTIER,444,4200,,MARKET,STREET,,,,21703,VC,FOLLOWING TOO CLOSELY,1,0,MISDEMEANOR,2017,11,Friday,15,False,True,False,False,Other known injury,-116.85268610311729,33.12355440646557,Police-beat representative point; not exact collision location,True,3,1,0,0
181661,2017-10-22 00:01:00,DRIVER,,,,MITSUBISHI,RAIDER,999,0,,BRANDY CANYON,ROAD,,SR-78,,22107,VC,TURNING MOVEMENTS AND REQUIRED SIGNALS,0,0,MISDEMEANOR,2017,10,Sunday,0,True,False,False,False,Unknown,,,,False,1,0,0,0
181688,2017-02-24 13:27:00,DRIVER,,,AUTOMOBILE,ACURA,,124,5900,,SOLEDAD MTN,ROAD,,,,22106,VC,STARTING PARKED VEHICLES OR BACKING,0,0,,2017,2,Friday,13,False,False,False,False,Unknown,-117.25836882736988,32.83885413538784,Police-beat representative point; not exact collision location,True,1,0,0,0
181716,2017-11-24 13:00:00,DRIVER,,,,CHEVROLET,MALIBU/MALIBU MAX,714,0,,CAM DE LA PLAZA,,,VIRGINIA,AVENUE,22106,VC,STARTING PARKED VEHICLES OR BACKING,0,0,MISDEMEANOR,2017,11,Friday,13,False,False,False,False,Unknown,-117.03039487125258,32.54451595061849,Police-beat representative point; not exact collision location,True,1,0,0,0
181738,2017-02-26 00:01:00,PARKED VEHICLE OCCUPANT,,,,TOYOTA,TACOMA,313,6400,,CONVOY,COURT,,,,22106,VC,STARTING PARKED VEHICLES OR BACKING,0,0,MISDEMEANOR,2017,2,Sunday,0,False,False,False,False,Unknown,-117.14278671565819,32.83054722226561,Police-beat representative point; not exact collision location,True,1,0,0,0
181744,2017-10-22 00:01:00,PARKED VEHICLE OCCUPANT,,,,MITSUBISHI,,235,15500,,SAN PASQUAL VALLEY,ROAD,,,,20002(A),VC,HIT AND RUN,0,0,MISDEMEANOR,2017,10,Sunday,0,False,False,False,False,Unknown,-116.99513841518677,33.082709341795365,Police-beat representative point; not exact collision location,True,1,0,0,0
181749,2017-12-31 00:01:00,DRIVER,,,,HONDA,ACCORD,242,8300,,MIRA MESA,BOULEVARD,,,,MISC-HAZ,VC,MISCELLANEOUS HAZARDOUS VIOLATIONS OF THE VEHICLE CODE,0,0,MISDEMEANOR,2017,12,Sunday,0,False,False,False,False,Unknown,-117.1426172010863,32.91947899976272,Police-beat representative point; not exact collision location,True,1,0,0,0
181795,2017-12-24 08:00:00,PARKED VEHICLE OCCUPANT,,,,HONDA,CIVIC (AND CRX),314,3000,,HEALTH CENTER,DRIVE,,,,MISC-HAZ,VC,MISCELLANEOUS HAZARDOUS VIOLATIONS OF THE VEHICLE CODE,0,0,MISDEMEANOR,2017,12,Sunday,8,False,False,False,False,Unknown,-117.23066947053908,33.18737517952651,Police-beat representative point; not exact collision location,True,1,0,0,0
181911,2017-12-27 06:34:00,DRIVER,,,,NISSAN,ALTIMA,511,2900,,MAIN,STREET,,,,21801A,VC,LEFT TURN YIELD UNTIL SAFE OR U-TURN,2,0,,2017,12,Wednesday,6,False,False,False,False,Unknown,-117.13284733903458,32.6923534985372,Police-beat representative point; not exact collision location,True,5,1,0,0
182081,2017-12-09 18:46:00,PEDESTRIAN,PAIN,,,,,124,600,,PEARL,STREET,,,,22106,VC,STARTING PARKED VEHICLES OR BACKING,1,0,MISDEMEANOR,2017,12,Saturday,18,False,True,False,False,Other known injury,-117.25836882736988,32.83885413538784,Police-beat representative point; not exact collision location,True,1,1,0,0
182143,2017-12-20 00:01:00,PARKED VEHICLE OCCUPANT,,,,HONDA,ACCORD,242,8600,,WESTMORE,ROAD,,,,22350,VC,"VIOLATION OF BASIC SPEED LAW, SPEED UNSAFE FOR CONDITIONS",0,1,,2017,12,Wednesday,0,False,False,False,False,Unknown,-117.1426172010863,32.91947899976272,Police-beat representative point; not exact collision location,True,2,1,1,1
182325,2017-12-16 00:01:00,,,,,,,234,16600,,VIA DEL CAMPO,,,,,22107,VC,TURNING MOVEMENTS AND REQUIRED SIGNALS,0,0,MISDEMEANOR,2017,12,Saturday,0,False,False,False,False,Unknown,-117.07040835691859,33.033630033425176,Police-beat representative point; not exact collision location,True,1,0,0,0
182370,2017-10-26 08:30:00,PARKED VEHICLE OCCUPANT,,,,HYUNDAI,SONATA,232,15200,,OF SCIENCE,,,,,22107,VC,TURNING MOVEMENTS AND REQUIRED SIGNALS,0,0,MISDEMEANOR,2017,10,Thursday,8,False,False,False,False,Unknown,-117.07570836367637,32.98105952053426,Police-beat representative point; not exact collision location,True,1,0,0,0
182463,2017-07-06 22:55:00,PARKED VEHICLE OCCUPANT,,,,B.M.W.,535,512,0,,25TH,STREET,,IMPERIAL,AVENUE,22106,VC,STARTING PARKED VEHICLES OR BACKING,0,0,MISDEMEANOR,2017,7,Thursday,22,False,False,False,False,Unknown,-117.13052814317592,32.699800986596294,Police-beat representative point; not exact collision location,True,1,0,0,0
182623,2017-03-29 17:59:00,DRIVER,,,,HONDA,CIVIC (AND CRX),313,4800,,MERCURY,STREET,,,,21801A,VC,LEFT TURN YIELD UNTIL SAFE OR U-TURN,1,0,,2017,3,Wednesday,17,False,False,False,False,Unknown,-117.14278671565819,32.83054722226561,Police-beat representative point; not exact collision location,True,2,1,0,0
182910,2017-09-24 11:46:00,,,,,,,528,1600,,FRONT,STREET,,,,22106,VC,STARTING PARKED VEHICLES OR BACKING,0,0,MISDEMEANOR,2017,9,Sunday,11,False,False,False,False,Unknown,-116.91022290750075,32.86415703284928,Police-beat representative point; not exact collision location,True,1,0,0,0
183231,2017-10-31 09:30:00,PARKED VEHICLE OCCUPANT,,,,NISSAN,SENTRA,615,1500,,ROSECRANS,STREET,,,,MISC-HAZ,VC,MISCELLANEOUS HAZARDOUS VIOLATIONS OF THE VEHICLE CODE,0,0,MISDEMEANOR,2017,10,Tuesday,9,False,False,False,False,Unknown,-116.97723684721086,32.75527723592303,Police-beat representative point; not exact collision location,True,1,0,0,0
183306,2017-09-17 15:53:00,DRIVER,,,,HONDA,ACCORD,437,300,S,MEADOWBROOK,DRIVE,,,,22515A,VC,LEAVE VEHICLE UNATTENDED,0,0,MISDEMEANOR,2017,9,Sunday,15,False,False,False,False,Unknown,-116.76383218676057,33.034426253998184,Police-beat representative point; not exact collision location,True,1,0,0,0
183410,2017-11-06 21:40:00,DRIVER,,,,FORD,ESCAPE,724,800,,HOLLISTER,STREET,,,,22107,VC,TURNING MOVEMENTS AND REQUIRED SIGNALS,1,0,FELONY,2017,11,Monday,21,False,False,False,False,Unknown,-116.91503007193131,32.658852893134195,Police-beat representative point; not exact collision location,True,2,1,0,0
183411,2017-04-27 13:30:00,,,,,,,115,0,,CAMPUS POINT,DRIVE,,GENESEE,AVENUE,MISC-HAZ,VC,MISCELLANEOUS HAZARDOUS VIOLATIONS OF THE VEHICLE CODE,0,0,,2017,4,Thursday,13,False,False,False,False,Unknown,-117.21197916564599,32.86966313233439,Police-beat representative point; not exact collision location,True,1,0,0,0
183420,2017-09-25 07:12:00,DRIVER,PAIN,,,CHRYSLER,TOWN&COUNTRY MINIVN,452,6400,,SKYLINE,DRIVE,,,,21801A,VC,LEFT TURN YIELD UNTIL SAFE OR U-TURN,3,0,,2017,9,Monday,7,False,True,False,False,Other known injury,-117.0621023335037,32.70231816405372,Police-beat representative point; not exact collision location,True,2,2,0,0
183479,2017-07-18 12:00:00,PARKED VEHICLE OCCUPANT,,,,HYUNDAI,SONATA,931,9200,,SCRANTON,ROAD,,,,MISC-HAZ,VC,MISCELLANEOUS HAZARDOUS VIOLATIONS OF THE VEHICLE CODE,0,0,,2017,7,Tuesday,12,False,False,False,False,Unknown,-117.19382843269258,32.89512014912518,Police-beat representative point; not exact collision location,True,1,0,0,0
183665,2017-12-16 12:17:00,,,,,,,451,5900,,COLLEGE GROVE,DRIVE,,,,22107,VC,TURNING MOVEMENTS AND REQUIRED SIGNALS,0,0,MISDEMEANOR,2017,12,Saturday,12,False,False,False,False,Unknown,-117.07498111047565,32.73177907125266,Police-beat representative point; not exact collision location,True,1,0,0,0
183916,2017-10-17 17:15:00,PARKED VEHICLE OCCUPANT,,,,HONDA,CR-V,622,5900,,LINDA VISTA,ROAD,,,,22106,VC,STARTING PARKED VEHICLES OR BACKING,0,0,MISDEMEANOR,2017,10,Tuesday,17,False,False,False,False,Unknown,-117.1930381983357,32.77053271608819,Police-beat representative point; not exact collision location,True,1,0,0,0
183932,2017-09-15 09:45:00,PARKED VEHICLE OCCUPANT,,,,ACURA,,622,5900,,LINDA VISTA,ROAD,,,,MISC-HAZ,VC,MISCELLANEOUS HAZARDOUS VIOLATIONS OF THE VEHICLE CODE,0,0,,2017,9,Friday,9,False,False,False,False,Unknown,-117.1930381983357,32.77053271608819,Police-beat representative point; not exact collision location,True,1,0,0,0
184332,2017-05-18 15:00:00,DRIVER,,,,HONDA,ACCORD,122,1700,,GARNET,AVENUE,,,,21801A,VC,LEFT TURN YIELD UNTIL SAFE OR U-TURN,1,0,,2017,5,Thursday,15,False,False,False,False,Unknown,-117.23577882171637,32.80138866666046,Police-beat representative point; not exact collision location,True,2,1,0,0
184987,2017-06-17 08:00:00,DRIVER,PAIN,,,CADILLAC,,432,0,,54TH,STREET,,IMPERIAL,AVENUE,21801A,VC,LEFT TURN YIELD UNTIL SAFE OR U-TURN,1,0,MISDEMEANOR,2017,6,Saturday,8,False,True,False,False,Other known injury,-116.7893009897486,33.07521573004986,Police-beat representative point; not exact collision location,True,1,1,0,0
185743,2017-12-03 00:28:00,DRIVER,,,,HONDA,CIVIC (AND CRX),614,0,,BACON,STREET,,NEWPORT,AVENUE,21802A,VC,"ENTRANCE FROM STOP THROUGH HIGHWAY,YIELD UNTIL REASONABLY SAFE",0,0,MISDEMEANOR,2017,12,Sunday,0,False,False,False,False,Unknown,-117.2480835727332,32.74620175051584,Police-beat representative point; not exact collision location,True,1,0,0,0
186797,2017-10-06 14:08:00,DRIVER,PAIN,,,NISSAN,ALTIMA,446,0,,MARKET CREEK PLACE,DRIVEWAY,,,,MISC-HAZ,VC,MISCELLANEOUS HAZARDOUS VIOLATIONS OF THE VEHICLE CODE,1,0,MISDEMEANOR,2017,10,Friday,14,False,True,False,False,Other known injury,-117.08992016000654,32.69913772804682,Police-beat representative point; not exact collision location,True,2,1,0,0
187636,2017-09-20 19:40:00,DRIVER,,,,NISSAN,XTERRA,522,0,W,BROADWAY,,,COLUMBIA,STREET,21801A,VC,LEFT TURN YIELD UNTIL SAFE OR U-TURN,1,0,,2017,9,Wednesday,19,False,False,False,False,Unknown,-116.89993698061527,32.92186076942686,Police-beat representative point; not exact collision location,True,3,1,0,0
188804,2017-03-24 14:00:00,DRIVER,PAIN,,,TOYOTA,COROLLA,833,3800,,FAIRMOUNT,AVENUE,,,,MISC-HAZ,VC,MISCELLANEOUS HAZARDOUS VIOLATIONS OF THE VEHICLE CODE,1,0,MISDEMEANOR,2017,3,Friday,14,False,True,False,False,Other known injury,-116.74717314242025,32.92600127248982,Police-beat representative point; not exact collision location,True,1,1,0,0
191576,2017-03-13 01:25:00,DRIVER,,,,FORD,EXCURSION,831,4200,,EUCLID,AVENUE,,,,21802A,VC,"ENTRANCE FROM STOP THROUGH HIGHWAY,YIELD UNTIL REASONABLY SAFE",1,0,MISDEMEANOR,2017,3,Monday,1,False,False,False,False,Unknown,-116.70240144470779,33.09266461258565,Police-beat representative point; not exact collision location,True,3,1,0,0
19200059,2017-01-17 11:20:00,DRIVER,VISIBLE,"Passenger Car, Station Wagon, Jeep",AUTOMOBILE,SCION,TC,521,1600,,G,STREET,,,,21800A,VC,RIGHT-OF-WAY:INTERSECTION,2,0,,2017,1,Tuesday,11,False,True,False,False,Other known injury,-116.95068831877407,32.90328552933019,Police-beat representative point; not exact collision location,True,2,2,0,0
19200065,2017-02-28 18:45:00,DRIVER,SEVERE,"Passenger Car, Station Wagon, Jeep",AUTOMOBILE,CHEVROLET,CRUZE,113,4500,,CLAIREMONT,DRIVE,,,,MISC-HAZ,VC,MISCELLANEOUS HAZARDOUS VIOLATIONS OF THE VEHICLE CODE,1,0,,2017,2,Tuesday,18,False,True,True,False,Serious/severe,-117.21864400105085,32.82444992896318,Police-beat representative point; not exact collision location,True,1,1,1,0
193577,2017-08-24 13:49:00,DRIVER,,,,ACURA,TSX,246,0,,SCRIPPS CREEK,DRIVE,,SPRING CANYON,ROAD,26451B,VC,PARKING BRAKE SYSTEM,0,0,,2017,8,Thursday,13,False,False,False,False,Unknown,-117.08976111807016,32.93141133761594,Police-beat representative point; not exact collision location,True,2,0,0,0
197136,2017-11-20 15:31:00,DRIVER,,,,TOYOTA,CAMRY,233,9400,,FAIRGROVE,LANE,,,,22350,VC,"VIOLATION OF BASIC SPEED LAW, SPEED UNSAFE FOR CONDITIONS",0,0,MISDEMEANOR,2017,11,Monday,15,False,False,False,False,Unknown,-117.12299174891572,32.96218052996461,Police-beat representative point; not exact collision location,True,1,0,0,0
